Sample ID,Samp Number,Sample Units,Analyte Name,Elem,Wavelength,Int (Corr),RSD (Corr Int),SD (Corr Int),Conc (Calib),Conc (Samp),Reported Conc (Calib),Reported Conc (Samp),RSD (Conc),SD (Calib),SD (Samp),Calib Units,Samp Units,Repl No1,Date1,Time1,Repl No2,Date2,Time2,Repl No3,Date3,Time3
Calib Blank 1,0, ,Cd 228.802,Cd,228.801,-942.1378535,3.719526007,35.04306249, , ,[0.00], ,0,0, ,mg/L,mg/L,1,3/31/2022,9:43:21 AM,2,3/31/2022,9:43:30 AM,3,3/31/2022,9:43:38 AM
Calib Blank 1,0, ,K 766.490,K,766.493,20458.66807,0.670826003,137.2420653, , ,[0.00], ,0,0, ,mg/L,mg/L,1,3/31/2022,9:43:51 AM,2,3/31/2022,9:43:57 AM,3,3/31/2022,9:44:01 AM
Calib Blank 1,0, ,Na 589.592,Na,589.595,70675.41042,0.4406426303,311.4259875, , ,[0.00], ,0,0, ,mg/L,mg/L,1,3/31/2022,9:44:09 AM,2,3/31/2022,9:44:14 AM,3,3/31/2022,9:44:17 AM
Calib Blank 1,0, ,Fe 238.204,Fe,238.204,-1160.21522,9.02105382,104.6636394, , ,[0.00], ,0,0, ,mg/L,mg/L,1,3/31/2022,9:44:26 AM,2,3/31/2022,9:44:37 AM,3,3/31/2022,9:44:47 AM
Calib Blank 1,0, ,Zn 206.200,Zn,206.201,97.57206984,28.12841558,27.4454773, , ,[0.00], ,0,0, ,mg/L,mg/L,1,3/31/2022,9:44:58 AM,2,3/31/2022,9:45:10 AM,3,3/31/2022,9:45:19 AM
1,0, ,Cd 228.802,Cd,228.801,3468.418707,7.730665923,268.1318631, , ,[0.01], ,1.64636127e-006,1.64636127e-010, ,mg/L,mg/L,1,3/31/2022,9:47:42 AM,2,3/31/2022,9:47:50 AM,3,3/31/2022,9:47:58 AM
1,0, ,Fe 238.204,Fe,238.204,1586.664189,6.765685002,107.3487011, , ,[0.01], ,1.64636127e-006,1.64636127e-010, ,mg/L,mg/L,1,3/31/2022,9:48:07 AM,2,3/31/2022,9:48:18 AM,3,3/31/2022,9:48:28 AM
1,0, ,Zn 206.200,Zn,206.201,903.1191783,2.460628212,22.22240529, , ,[0.01], ,1.64636127e-006,1.64636127e-010, ,mg/L,mg/L,1,3/31/2022,9:48:39 AM,2,3/31/2022,9:48:50 AM,3,3/31/2022,9:48:59 AM
2,0, ,Cd 228.802,Cd,228.801,18086.98349,0.5488320002,99.26715325, , ,[0.05], ,1.317089016e-006,6.58544508e-010, ,mg/L,mg/L,1,3/31/2022,9:51:21 AM,2,3/31/2022,9:51:28 AM,3,3/31/2022,9:51:35 AM
2,0, ,K 766.490,K,766.493,26821.51291,1.220853385,327.4513482, , ,[0.05], ,1.317089016e-006,6.58544508e-010, ,mg/L,mg/L,1,3/31/2022,9:51:48 AM,2,3/31/2022,9:51:53 AM,3,3/31/2022,9:51:57 AM
2,0, ,Na 589.592,Na,589.595,114975.6488,1.057785156,1216.195346, , ,[0.05], ,1.317089016e-006,6.58544508e-010, ,mg/L,mg/L,1,3/31/2022,9:52:05 AM,2,3/31/2022,9:52:09 AM,3,3/31/2022,9:52:13 AM
2,0, ,Fe 238.204,Fe,238.204,15918.09037,0.7249693102,115.4012699, , ,[0.05], ,1.317089016e-006,6.58544508e-010, ,mg/L,mg/L,1,3/31/2022,9:52:21 AM,2,3/31/2022,9:52:31 AM,3,3/31/2022,9:52:40 AM
2,0, ,Zn 206.200,Zn,206.201,4631.891095,0.5479439159,25.38016544, , ,[0.05], ,1.317089016e-006,6.58544508e-010, ,mg/L,mg/L,1,3/31/2022,9:52:50 AM,2,3/31/2022,9:52:58 AM,3,3/31/2022,9:53:06 AM
3,0, ,Cd 228.802,Cd,228.801,34324.61042,0.8096597254,277.9125465, , ,[0.1], ,1.317089016e-006,1.317089016e-009, ,mg/L,mg/L,1,3/31/2022,9:55:26 AM,2,3/31/2022,9:55:34 AM,3,3/31/2022,9:55:41 AM
3,0, ,K 766.490,K,766.493,56698.28708,1.106494763,627.3635774, , ,[0.1], ,1.317089016e-006,1.317089016e-009, ,mg/L,mg/L,1,3/31/2022,9:55:54 AM,2,3/31/2022,9:55:59 AM,3,3/31/2022,9:56:03 AM
3,0, ,Na 589.592,Na,589.595,239205.0499,0.7292200588,1744.331206, , ,[0.1], ,1.317089016e-006,1.317089016e-009, ,mg/L,mg/L,1,3/31/2022,9:56:11 AM,2,3/31/2022,9:56:14 AM,3,3/31/2022,9:56:18 AM
3,0, ,Fe 238.204,Fe,238.204,35538.01162,0.2559913062,90.97422014, , ,[0.1], ,1.317089016e-006,1.317089016e-009, ,mg/L,mg/L,1,3/31/2022,9:56:25 AM,2,3/31/2022,9:56:33 AM,3,3/31/2022,9:56:40 AM
3,0, ,Zn 206.200,Zn,206.201,9572.683325,0.296001083,28.33524631, , ,[0.1], ,1.317089016e-006,1.317089016e-009, ,mg/L,mg/L,1,3/31/2022,9:56:49 AM,2,3/31/2022,9:56:58 AM,3,3/31/2022,9:57:07 AM
4,0, ,Cd 228.802,Cd,228.801,167224.1843,4.105389819,6865.204638, , ,[0.5], ,0,0, ,mg/L,mg/L,1,3/31/2022,9:59:29 AM,2,3/31/2022,9:59:36 AM,3,3/31/2022,9:59:41 AM
4,0, ,K 766.490,K,766.493,343557.5373,1.110891444,3816.551286, , ,[0.5], ,0,0, ,mg/L,mg/L,1,3/31/2022,9:59:53 AM,2,3/31/2022,9:59:55 AM,3,3/31/2022,9:59:58 AM
4,0, ,Na 589.592,Na,589.595,1328479.614,0.5074578792,6741.474473, , ,[0.5], ,0,0, ,mg/L,mg/L,1,3/31/2022,10:00:06 AM,2,3/31/2022,10:00:09 AM,3,3/31/2022,10:00:11 AM
4,0, ,Fe 238.204,Fe,238.204,251088.2442,0.7353068508,1846.269061, , ,[0.5], ,0,0, ,mg/L,mg/L,1,3/31/2022,10:00:18 AM,2,3/31/2022,10:00:24 AM,3,3/31/2022,10:00:28 AM
4,0, ,Zn 206.200,Zn,206.201,50604.41892,0.3704237823,187.4508026, , ,[0.5], ,0,0, ,mg/L,mg/L,1,3/31/2022,10:00:34 AM,2,3/31/2022,10:00:42 AM,3,3/31/2022,10:00:49 AM
5,0, ,Cd 228.802,Cd,228.801,337906.0273,4.477734061,15130.53328, , ,[1], ,0,0, ,mg/L,mg/L,1,3/31/2022,10:03:09 AM,2,3/31/2022,10:03:13 AM,3,3/31/2022,10:03:17 AM
5,0, ,K 766.490,K,766.493,787534.2228,0.84110938,6624.024219, , ,[1], ,0,0, ,mg/L,mg/L,1,3/31/2022,10:03:26 AM,2,3/31/2022,10:03:29 AM,3,3/31/2022,10:03:31 AM
5,0, ,Na 589.592,Na,589.595,3049673.426,0.20021718,6105.970133, , ,[1], ,0,0, ,mg/L,mg/L,1,3/31/2022,10:03:37 AM,2,3/31/2022,10:03:41 AM,3,3/31/2022,10:03:44 AM
5,0, ,Fe 238.204,Fe,238.204,533194.7497,0.8578770746,4574.155521, , ,[1], ,0,0, ,mg/L,mg/L,1,3/31/2022,10:03:51 AM,2,3/31/2022,10:03:54 AM,3,3/31/2022,10:03:57 AM
5,0, ,Zn 206.200,Zn,206.201,104058.3744,0.3837743907,399.3493921, , ,[1], ,0,0, ,mg/L,mg/L,1,3/31/2022,10:04:01 AM,2,3/31/2022,10:04:08 AM,3,3/31/2022,10:04:15 AM
6,0, ,K 766.490,K,766.493,4737517.87,4.061230308,192401.5116, , ,[5], ,0,0, ,mg/L,mg/L,1,3/31/2022,10:06:38 AM,2,3/31/2022,10:06:40 AM,3,3/31/2022,10:06:43 AM
6,0, ,Na 589.592,Na,589.595,19953087.47,0.565179563,112770.7726, , ,[5], ,0,0, ,mg/L,mg/L,1,3/31/2022,10:06:49 AM,2,3/31/2022,10:06:54 AM,3,3/31/2022,10:07:00 AM
C1,1, ,Cd 228.802,Cd,228.801,367.0251179,19.41182879,71.24628751,0.0002551080565,0.0002551080565,0.000,0.000,82.88631713,0.0002114496727,0.0002114496727,mg/L,mg/L,1,3/31/2022,10:12:56 AM,2,3/31/2022,10:13:04 AM,3,3/31/2022,10:13:12 AM
C1,1, ,K 766.490,K,766.493,7735.169038,5.899726271,456.3537998,0.07852484638,0.07852484638,0.079,0.079,0.6080363685,0.0004774596243,0.0004774596243,mg/L,mg/L,1,3/31/2022,10:13:25 AM,2,3/31/2022,10:13:31 AM,3,3/31/2022,10:13:35 AM
C1,1, ,Na 589.592,Na,589.595,473004.3772,0.3048168421,1441.797005,0.2049707643,0.2049707643,0.205,0.205,0.1745122351,0.0003576990621,0.0003576990621,mg/L,mg/L,1,3/31/2022,10:13:43 AM,2,3/31/2022,10:13:47 AM,3,3/31/2022,10:13:49 AM
C1,1, ,Fe 238.204,Fe,238.204,8245.631184,9.758295366,804.6330458,0.03217480277,0.03217480277,0.032,0.032,4.656429224,0.001498196919,0.001498196919,mg/L,mg/L,1,3/31/2022,10:13:55 AM,2,3/31/2022,10:14:06 AM,3,3/31/2022,10:14:15 AM
C1,1, ,Zn 206.200,Zn,206.201,309.6639005,4.628403568,14.33249502,0.007711248065,0.007711248065,0.008,0.008,1.786263966,0.0001377432455,0.0001377432455,mg/L,mg/L,1,3/31/2022,10:14:25 AM,2,3/31/2022,10:14:35 AM,3,3/31/2022,10:14:46 AM
C2,2, ,Cd 228.802,Cd,228.801,2791.409871,0.5776041431,16.12329907,0.007450365247,0.007450365247,0.007,0.007,0.6422751565,4.785184505e-005,4.785184505e-005,mg/L,mg/L,1,3/31/2022,10:17:08 AM,2,3/31/2022,10:17:16 AM,3,3/31/2022,10:17:26 AM
C2,2, ,K 766.490,K,766.493,4358.712208,3.564271672,155.3563445,0.07499223241,0.07499223241,0.075,0.075,0.2167443038,0.0001625413921,0.0001625413921,mg/L,mg/L,1,3/31/2022,10:17:40 AM,2,3/31/2022,10:17:45 AM,3,3/31/2022,10:17:49 AM
C2,2, ,Na 589.592,Na,589.595,338601.9725,0.9530470588,3227.03614,0.1716265322,0.1716265322,0.172,0.172,0.4664800598,0.0008006035498,0.0008006035498,mg/L,mg/L,1,3/31/2022,10:17:57 AM,2,3/31/2022,10:18:01 AM,3,3/31/2022,10:18:04 AM
C2,2, ,Fe 238.204,Fe,238.204,5530.066662,2.956170443,163.4781961,0.02711852225,0.02711852225,0.027,0.027,1.122444437,0.0003043903443,0.0003043903443,mg/L,mg/L,1,3/31/2022,10:18:10 AM,2,3/31/2022,10:18:19 AM,3,3/31/2022,10:18:26 AM
C2,2, ,Zn 206.200,Zn,206.201,214.5627334,8.151642131,17.49038617,0.006797272975,0.006797272975,0.007,0.007,2.472937834,0.0001680923351,0.0001680923351,mg/L,mg/L,1,3/31/2022,10:18:34 AM,2,3/31/2022,10:18:44 AM,3,3/31/2022,10:18:54 AM
C3,3, ,Cd 228.802,Cd,228.801,2586.517635,0.6809119696,17.61190817,0.006842271861,0.006842271861,0.007,0.007,0.7639252495,5.226984239e-005,5.226984239e-005,mg/L,mg/L,1,3/31/2022,10:21:16 AM,2,3/31/2022,10:21:24 AM,3,3/31/2022,10:21:32 AM
C3,3, ,K 766.490,K,766.493,2840.197408,5.057345914,143.6386075,0.07340348809,0.07340348809,0.073,0.073,0.2047337633,0.0001502817236,0.0001502817236,mg/L,mg/L,1,3/31/2022,10:21:46 AM,2,3/31/2022,10:21:50 AM,3,3/31/2022,10:21:55 AM
C3,3, ,Na 589.592,Na,589.595,288098.4424,0.6508894436,1875.202349,0.1590969838,0.1590969838,0.159,0.159,0.2924151532,0.0004652236888,0.0004652236888,mg/L,mg/L,1,3/31/2022,10:22:03 AM,2,3/31/2022,10:22:07 AM,3,3/31/2022,10:22:09 AM
C3,3, ,Fe 238.204,Fe,238.204,2910.733243,6.051317547,176.1377115,0.02224142047,0.02224142047,0.022,0.022,1.474554619,0.0003279618928,0.0003279618928,mg/L,mg/L,1,3/31/2022,10:22:16 AM,2,3/31/2022,10:22:25 AM,3,3/31/2022,10:22:33 AM
C3,3, ,Zn 206.200,Zn,206.201,159.4242572,2.469156971,3.93643516,0.006267361565,0.006267361565,0.006,0.006,0.603624508,3.783133041e-005,3.783133041e-005,mg/L,mg/L,1,3/31/2022,10:22:42 AM,2,3/31/2022,10:22:52 AM,3,3/31/2022,10:23:01 AM
SKT_01,4, ,Cd 228.802,Cd,228.801,2610.932988,2.051975589,53.57570757,0.006914733439,0.006914733439,0.007,0.007,2.299520315,0.0001590057002,0.0001590057002,mg/L,mg/L,1,3/31/2022,10:25:22 AM,2,3/31/2022,10:25:31 AM,3,3/31/2022,10:25:38 AM
SKT_01,4, ,K 766.490,K,766.493,83670224.13,0.09856022008,82465.55704,87.61030516,87.61030516,87.61,87.61,0.09848098524,0.0862794917,0.0862794917,mg/L,mg/L,1,3/31/2022,10:25:52 AM,2,3/31/2022,10:26:01 AM,3,3/31/2022,10:26:09 AM
SKT_01,4, ,Na 589.592,Na,589.595,18143047.37,0.7043275948,127786.4892,4.588776377,4.588776377,4.589,4.589,0.6908785778,0.03170287297,0.03170287297,mg/L,mg/L,1,3/31/2022,10:26:20 AM,2,3/31/2022,10:26:25 AM,3,3/31/2022,10:26:29 AM
SKT_01,4, ,Fe 238.204,Fe,238.204,97264.21226,0.197437356,192.0358891,0.1979241026,0.1979241026,0.198,0.198,0.180656982,0.0003575637104,0.0003575637104,mg/L,mg/L,1,3/31/2022,10:26:38 AM,2,3/31/2022,10:26:46 AM,3,3/31/2022,10:26:52 AM
SKT_01,4, ,Zn 206.200,Zn,206.201,30474.2059,0.1632519382,49.74973179,0.2976092671,0.2976092671,0.298,0.298,0.1606544669,0.0004781225815,0.0004781225815,mg/L,mg/L,1,3/31/2022,10:27:01 AM,2,3/31/2022,10:27:08 AM,3,3/31/2022,10:27:16 AM
SKT_02,5, ,Cd 228.802,Cd,228.801,2341.668035,2.049457985,47.99150253,0.00611559024,0.00611559024,0.006,0.006,2.329006746,0.0001424325092,0.0001424325092,mg/L,mg/L,1,3/31/2022,10:29:35 AM,2,3/31/2022,10:29:43 AM,3,3/31/2022,10:29:51 AM
SKT_02,5, ,K 766.490,K,766.493,64311071.13,0.08400986402,54027.64341,67.35581419,67.35581419,67.36,67.36,0.08392201746,0.05652635815,0.05652635815,mg/L,mg/L,1,3/31/2022,10:30:04 AM,2,3/31/2022,10:30:11 AM,3,3/31/2022,10:30:19 AM
SKT_02,5, ,Na 589.592,Na,589.595,4209859.314,1.12163808,47219.3852,1.132056547,1.132056547,1.132,1.132,1.034822563,0.01171477658,0.01171477658,mg/L,mg/L,1,3/31/2022,10:30:31 AM,2,3/31/2022,10:30:35 AM,3,3/31/2022,10:30:38 AM
SKT_02,5, ,Fe 238.204,Fe,238.204,41909.18135,0.3272856441,137.1627341,0.09485508592,0.09485508592,0.095,0.095,0.2692443178,0.000255391929,0.000255391929,mg/L,mg/L,1,3/31/2022,10:30:45 AM,2,3/31/2022,10:30:54 AM,3,3/31/2022,10:31:01 AM
SKT_02,5, ,Zn 206.200,Zn,206.201,20327.50069,0.3720149511,75.62134173,0.2000937888,0.2000937888,0.200,0.200,0.3632112427,0.0007267631368,0.0007267631368,mg/L,mg/L,1,3/31/2022,10:31:10 AM,2,3/31/2022,10:31:17 AM,3,3/31/2022,10:31:24 AM
SKT_03,6, ,Cd 228.802,Cd,228.801,2285.079211,2.318609722,52.98206873,0.005947642003,0.005947642003,0.006,0.006,2.643801655,0.0001572438577,0.0001572438577,mg/L,mg/L,1,3/31/2022,10:33:43 AM,2,3/31/2022,10:33:51 AM,3,3/31/2022,10:33:58 AM
SKT_03,6, ,K 766.490,K,766.493,4695684.809,0.6281756491,29497.14853,4.983286623,4.983286623,4.983,4.983,0.6192972462,0.03086135683,0.03086135683,mg/L,mg/L,1,3/31/2022,10:34:11 AM,2,3/31/2022,10:34:15 AM,3,3/31/2022,10:34:17 AM
SKT_03,6, ,Na 589.592,Na,589.595,4401921.694,0.649296549,28581.52565,1.179705789,1.179705789,1.180,1.180,0.601070452,0.007090862916,0.007090862916,mg/L,mg/L,1,3/31/2022,10:34:25 AM,2,3/31/2022,10:34:29 AM,3,3/31/2022,10:34:32 AM
SKT_03,6, ,Fe 238.204,Fe,238.204,1091086.154,0.5463225198,5960.849368,2.048383736,2.048383736,2.048,2.048,0.5418360084,0.01109888067,0.01109888067,mg/L,mg/L,1,3/31/2022,10:34:39 AM,2,3/31/2022,10:34:42 AM,3,3/31/2022,10:34:44 AM
SKT_03,6, ,Zn 206.200,Zn,206.201,13672.01859,0.3066978512,41.93178724,0.1361309056,0.1361309056,0.136,0.136,0.2960296092,0.0004029877879,0.0004029877879,mg/L,mg/L,1,3/31/2022,10:34:48 AM,2,3/31/2022,10:34:56 AM,3,3/31/2022,10:35:04 AM
SKT_04,7, ,Cd 228.802,Cd,228.801,14.18862981,364.9567172,51.78235757,-0.0007920645407,-0.0007920645407,-0.001,-0.001,19.40287234,0.0001536832717,0.0001536832717,mg/L,mg/L,1,3/31/2022,10:42:37 AM,2,3/31/2022,10:42:45 AM,3,3/31/2022,10:42:53 AM
SKT_04,7, ,K 766.490,K,766.493,63589522.52,0.2697025546,171502.5667,66.60089481,66.60089481,66.60,66.60,0.2694173381,0.179434358,0.179434358,mg/L,mg/L,1,3/31/2022,10:43:05 AM,2,3/31/2022,10:43:14 AM,3,3/31/2022,10:43:21 AM
SKT_04,7, ,Na 589.592,Na,589.595,14848733.42,0.356456432,52929.26534,3.771481705,3.771481705,3.771,3.771,0.3481749668,0.01313135517,0.01313135517,mg/L,mg/L,1,3/31/2022,10:43:33 AM,2,3/31/2022,10:43:37 AM,3,3/31/2022,10:43:41 AM
SKT_04,7, ,Fe 238.204,Fe,238.204,46606.69494,0.2116107869,98.62479389,0.1036016822,0.1036016822,0.104,0.104,0.1772516703,0.0001836357121,0.0001836357121,mg/L,mg/L,1,3/31/2022,10:43:49 AM,2,3/31/2022,10:43:58 AM,3,3/31/2022,10:44:05 AM
SKT_04,7, ,Zn 206.200,Zn,206.201,13875.85065,0.1026652619,14.24567842,0.1380898451,0.1380898451,0.138,0.138,0.09914479201,0.0001369088897,0.0001369088897,mg/L,mg/L,1,3/31/2022,10:44:14 AM,2,3/31/2022,10:44:22 AM,3,3/31/2022,10:44:29 AM
SKT_05,8, ,Cd 228.802,Cd,228.801,2172.323493,1.72611848,37.49687726,0.005612997764,0.005612997764,0.006,0.006,1.982645233,0.0001112858326,0.0001112858326,mg/L,mg/L,1,3/31/2022,10:46:49 AM,2,3/31/2022,10:46:56 AM,3,3/31/2022,10:47:03 AM
SKT_05,8, ,K 766.490,K,766.493,25960066.88,0.4298187193,111581.227,27.23112127,27.23112127,27.23,27.23,0.4287070146,0.116741727,0.116741727,mg/L,mg/L,1,3/31/2022,10:47:16 AM,2,3/31/2022,10:47:21 AM,3,3/31/2022,10:47:25 AM
SKT_05,8, ,Na 589.592,Na,589.595,3500598.888,0.4021028851,14076.00913,0.9560943364,0.9560943364,0.956,0.956,0.3652518938,0.00349215267,0.00349215267,mg/L,mg/L,1,3/31/2022,10:47:33 AM,2,3/31/2022,10:47:37 AM,3,3/31/2022,10:47:40 AM
SKT_05,8, ,Fe 238.204,Fe,238.204,24364.21368,0.6991560147,170.3438654,0.06218700618,0.06218700618,0.062,0.062,0.5100325381,0.000317173966,0.000317173966,mg/L,mg/L,1,3/31/2022,10:47:47 AM,2,3/31/2022,10:47:55 AM,3,3/31/2022,10:48:02 AM
SKT_05,8, ,Zn 206.200,Zn,206.201,11191.89954,0.3519999857,39.39548477,0.1122955827,0.1122955827,0.112,0.112,0.3371570832,0.0003786125111,0.0003786125111,mg/L,mg/L,1,3/31/2022,10:48:10 AM,2,3/31/2022,10:48:20 AM,3,3/31/2022,10:48:28 AM
SKT_06,9, ,Cd 228.802,Cd,228.801,2078.554605,1.331829418,27.6828017,0.005334703955,0.005334703955,0.005,0.005,1.540084309,8.215893858e-005,8.215893858e-005,mg/L,mg/L,1,3/31/2022,10:50:47 AM,2,3/31/2022,10:50:56 AM,3,3/31/2022,10:51:05 AM
SKT_06,9, ,K 766.490,K,766.493,198025.9091,0.6072793775,1202.570508,0.2776163086,0.2776163086,0.278,0.278,0.4532111176,0.001258187975,0.001258187975,mg/L,mg/L,1,3/31/2022,10:51:19 AM,2,3/31/2022,10:51:22 AM,3,3/31/2022,10:51:25 AM
SKT_06,9, ,Na 589.592,Na,589.595,1467934.731,0.9030176628,13255.70989,0.4518055496,0.4518055496,0.452,0.452,0.7278889257,0.003288642561,0.003288642561,mg/L,mg/L,1,3/31/2022,10:51:32 AM,2,3/31/2022,10:51:36 AM,3,3/31/2022,10:51:39 AM
SKT_06,9, ,Fe 238.204,Fe,238.204,583575.985,0.433778956,2531.429815,1.103418605,1.103418605,1.103,1.103,0.4271659461,0.004713428524,0.004713428524,mg/L,mg/L,1,3/31/2022,10:51:45 AM,2,3/31/2022,10:51:50 AM,3,3/31/2022,10:51:52 AM
SKT_06,9, ,Zn 206.200,Zn,206.201,4098.237828,0.7590396475,31.10724996,0.04412154981,0.04412154981,0.044,0.044,0.6775781175,0.0002989579666,0.0002989579666,mg/L,mg/L,1,3/31/2022,10:51:56 AM,2,3/31/2022,10:52:04 AM,3,3/31/2022,10:52:11 AM
SKT_07,10, ,Cd 228.802,Cd,228.801,2146.281782,0.4053256654,8.699430915,0.005535709369,0.005535709369,0.006,0.006,0.4664040797,2.581877434e-005,2.581877434e-005,mg/L,mg/L,1,3/31/2022,10:54:30 AM,2,3/31/2022,10:54:39 AM,3,3/31/2022,10:54:48 AM
SKT_07,10, ,K 766.490,K,766.493,83532581.99,0.4388786784,366606.6918,87.46629724,87.46629724,87.47,87.47,0.4385252728,0.3835618186,0.3835618186,mg/L,mg/L,1,3/31/2022,10:55:02 AM,2,3/31/2022,10:55:09 AM,3,3/31/2022,10:55:17 AM
SKT_07,10, ,Na 589.592,Na,589.595,13984572.83,0.572814789,80105.70135,3.557089922,3.557089922,3.557,3.557,0.5587046234,0.01987362585,0.01987362585,mg/L,mg/L,1,3/31/2022,10:55:29 AM,2,3/31/2022,10:55:34 AM,3,3/31/2022,10:55:37 AM
SKT_07,10, ,Fe 238.204,Fe,238.204,51265.47768,0.4739315186,242.9632569,0.112276163,0.112276163,0.112,0.112,0.4029248686,0.0004523885825,0.0004523885825,mg/L,mg/L,1,3/31/2022,10:55:45 AM,2,3/31/2022,10:55:53 AM,3,3/31/2022,10:56:00 AM
SKT_07,10, ,Zn 206.200,Zn,206.201,74910.62538,0.3215697003,240.8898735,0.7246679633,0.7246679633,0.725,0.725,0.3194684639,0.002315085611,0.002315085611,mg/L,mg/L,1,3/31/2022,10:56:08 AM,2,3/31/2022,10:56:16 AM,3,3/31/2022,10:56:22 AM
SKT_08,11, ,Cd 228.802,Cd,228.801,2138.114589,2.692606795,57.57101871,0.005511470206,0.005511470206,0.006,0.006,3.100139441,0.0001708632616,0.0001708632616,mg/L,mg/L,1,3/31/2022,10:58:40 AM,2,3/31/2022,10:58:48 AM,3,3/31/2022,10:58:57 AM
SKT_08,11, ,K 766.490,K,766.493,114135968.4,0.4069885752,464520.3515,119.4850541,119.4850541,119.5,119.5,0.4067486708,0.4860038694,0.4860038694,mg/L,mg/L,1,3/31/2022,10:59:11 AM,2,3/31/2022,10:59:21 AM,3,3/31/2022,10:59:28 AM
SKT_08,11, ,Na 589.592,Na,589.595,12700741.06,0.7684819884,97602.90745,3.238580854,3.238580854,3.239,3.239,0.7476902079,0.02421455192,0.02421455192,mg/L,mg/L,1,3/31/2022,10:59:39 AM,2,3/31/2022,10:59:44 AM,3,3/31/2022,10:59:47 AM
SKT_08,11, ,Fe 238.204,Fe,238.204,57481.07237,0.221812085,127.4999651,0.1238493701,0.1238493701,0.124,0.124,0.1916846335,0.0002374002111,0.0002374002111,mg/L,mg/L,1,3/31/2022,10:59:55 AM,2,3/31/2022,11:00:03 AM,3,3/31/2022,11:00:10 AM
SKT_08,11, ,Zn 206.200,Zn,206.201,28666.64175,0.4756477043,136.3522234,0.2802375707,0.2802375707,0.280,0.280,0.4676106314,0.001310420674,0.001310420674,mg/L,mg/L,1,3/31/2022,11:00:19 AM,2,3/31/2022,11:00:26 AM,3,3/31/2022,11:00:33 AM
SKT_09,12, ,Cd 228.802,Cd,228.801,1825.058289,2.11089283,38.52502456,0.004582360009,0.004582360009,0.005,0.005,2.495160555,0.0001143372395,0.0001143372395,mg/L,mg/L,1,3/31/2022,11:02:50 AM,2,3/31/2022,11:02:59 AM,3,3/31/2022,11:03:09 AM
SKT_09,12, ,K 766.490,K,766.493,2605993.598,0.2094136544,5457.306427,2.796949661,2.796949661,2.797,2.797,0.2041402635,0.005709700408,0.005709700408,mg/L,mg/L,1,3/31/2022,11:03:23 AM,2,3/31/2022,11:03:25 AM,3,3/31/2022,11:03:27 AM
SKT_09,12, ,Na 589.592,Na,589.595,2726716.472,0.7087712681,19326.18292,0.7640998925,0.7640998925,0.764,0.764,0.6274940749,0.004794681552,0.004794681552,mg/L,mg/L,1,3/31/2022,11:03:34 AM,2,3/31/2022,11:03:37 AM,3,3/31/2022,11:03:41 AM
SKT_09,12, ,Fe 238.204,Fe,238.204,701726.9659,0.7348181981,5156.417447,1.323411354,1.323411354,1.323,1.323,0.725478001,0.009601058238,0.009601058238,mg/L,mg/L,1,3/31/2022,11:03:47 AM,2,3/31/2022,11:03:51 AM,3,3/31/2022,11:03:54 AM
SKT_09,12, ,Zn 206.200,Zn,206.201,6631.87713,0.3691011346,24.47833373,0.06847123213,0.06847123213,0.068,0.068,0.3435755264,0.0002352503962,0.0002352503962,mg/L,mg/L,1,3/31/2022,11:03:58 AM,2,3/31/2022,11:04:06 AM,3,3/31/2022,11:04:15 AM
SKT_10,13, ,Cd 228.802,Cd,228.801,2152.570164,0.7777341435,16.74127313,0.005554372464,0.005554372464,0.006,0.006,0.8945369013,4.968591132e-005,4.968591132e-005,mg/L,mg/L,1,3/31/2022,11:06:34 AM,2,3/31/2022,11:06:43 AM,3,3/31/2022,11:06:52 AM
SKT_10,13, ,K 766.490,K,766.493,71821571.61,0.1232407472,88513.44148,75.21366645,75.21366645,75.21,75.21,0.1231253415,0.09260708368,0.09260708368,mg/L,mg/L,1,3/31/2022,11:07:06 AM,2,3/31/2022,11:07:15 AM,3,3/31/2022,11:07:22 AM
SKT_10,13, ,Na 589.592,Na,589.595, , , ,13.26297509,13.26297509,13.26,13.26,0.583505977,0.07739025236,0.07739025236,mg/L,mg/L,1,3/31/2022,11:07:34 AM,2,3/31/2022,11:07:42 AM,3,3/31/2022,11:07:50 AM
SKT_10,13, ,Fe 238.204,Fe,238.204,44107.8367,0.3326282848,146.7151407,0.09894890073,0.09894890073,0.099,0.099,0.2760800313,0.0002731781561,0.0002731781561,mg/L,mg/L,1,3/31/2022,11:08:01 AM,2,3/31/2022,11:08:10 AM,3,3/31/2022,11:08:16 AM
SKT_10,13, ,Zn 206.200,Zn,206.201,39360.10907,0.2471306708,97.27090156,0.3830077368,0.3830077368,0.383,0.383,0.2440753419,0.0009348274431,0.0009348274431,mg/L,mg/L,1,3/31/2022,11:08:25 AM,2,3/31/2022,11:08:33 AM,3,3/31/2022,11:08:40 AM
SKT_11,14, ,Cd 228.802,Cd,228.801,2431.731812,0.9183539136,22.33190426,0.006382887762,0.006382887762,0.006,0.006,1.038372858,6.62781741e-005,6.62781741e-005,mg/L,mg/L,1,3/31/2022,11:10:59 AM,2,3/31/2022,11:11:09 AM,3,3/31/2022,11:11:17 AM
SKT_11,14, ,K 766.490,K,766.493,17872440.11,0.7943184465,141964.0886,18.7694513,18.7694513,18.77,18.77,0.7913377848,0.1485297602,0.1485297602,mg/L,mg/L,1,3/31/2022,11:11:31 AM,2,3/31/2022,11:11:36 AM,3,3/31/2022,11:11:39 AM
SKT_11,14, ,Na 589.592,Na,589.595,20764585.8,0.7424043303,154157.1841,5.23916047,5.23916047,5.239,5.239,0.7299880494,0.03824524532,0.03824524532,mg/L,mg/L,1,3/31/2022,11:11:47 AM,2,3/31/2022,11:11:52 AM,3,3/31/2022,11:11:57 AM
SKT_11,14, ,Fe 238.204,Fe,238.204,21646.42246,0.7932305486,171.7060356,0.05712657962,0.05712657962,0.057,0.057,0.5596524047,0.0003197102765,0.0003197102765,mg/L,mg/L,1,3/31/2022,11:12:06 AM,2,3/31/2022,11:12:14 AM,3,3/31/2022,11:12:21 AM
SKT_11,14, ,Zn 206.200,Zn,206.201,6650.336424,0.2551063382,16.96542973,0.0686486362,0.0686486362,0.069,0.069,0.2375097612,0.0001630472119,0.0001630472119,mg/L,mg/L,1,3/31/2022,11:12:30 AM,2,3/31/2022,11:12:39 AM,3,3/31/2022,11:12:47 AM
SKT_12,15, ,Cd 228.802,Cd,228.801,1993.776466,3.157835246,62.96017597,0.005083093515,0.005083093515,0.005,0.005,3.676060173,0.0001868575763,0.0001868575763,mg/L,mg/L,1,3/31/2022,11:15:07 AM,2,3/31/2022,11:15:16 AM,3,3/31/2022,11:15:24 AM
SKT_12,15, ,K 766.490,K,766.493,1517092.919,1.440241598,21849.80329,1.65768861,1.65768861,1.658,1.658,1.379048559,0.0228603309,0.0228603309,mg/L,mg/L,1,3/31/2022,11:15:38 AM,2,3/31/2022,11:15:41 AM,3,3/31/2022,11:15:43 AM
SKT_12,15, ,Na 589.592,Na,589.595,4734970.701,1.117714349,52923.44693,1.262332758,1.262332758,1.262,1.262,1.040130788,0.01312991167,0.01312991167,mg/L,mg/L,1,3/31/2022,11:15:50 AM,2,3/31/2022,11:15:53 AM,3,3/31/2022,11:15:56 AM
SKT_12,15, ,Fe 238.204,Fe,238.204,692952.5636,0.1786679016,1238.083805,1.307073742,1.307073742,1.307,1.307,0.1763684862,0.002305266173,0.002305266173,mg/L,mg/L,1,3/31/2022,11:16:02 AM,2,3/31/2022,11:16:06 AM,3,3/31/2022,11:16:09 AM
SKT_12,15, ,Zn 206.200,Zn,206.201,7884.803464,0.1107354304,8.731271051,0.08051255077,0.08051255077,0.081,0.081,0.1042227184,8.391236906e-005,8.391236906e-005,mg/L,mg/L,1,3/31/2022,11:16:13 AM,2,3/31/2022,11:16:21 AM,3,3/31/2022,11:16:29 AM
SKT_13,16, ,Cd 228.802,Cd,228.801,2076.44438,1.445661356,30.01835398,0.005328441082,0.005328441082,0.005,0.005,1.671981565,8.90905526e-005,8.90905526e-005,mg/L,mg/L,1,3/31/2022,11:18:48 AM,2,3/31/2022,11:18:56 AM,3,3/31/2022,11:19:04 AM
SKT_13,16, ,K 766.490,K,766.493,13763042.35,0.1471769754,20256.02946,14.46999875,14.46999875,14.47,14.47,0.1464605995,0.02119284691,0.02119284691,mg/L,mg/L,1,3/31/2022,11:19:18 AM,2,3/31/2022,11:19:22 AM,3,3/31/2022,11:19:26 AM
SKT_13,16, ,Na 589.592,Na,589.595,2052216.764,0.4798694171,9847.960622,0.5967615555,0.5967615555,0.597,0.597,0.4094106617,0.002443205434,0.002443205434,mg/L,mg/L,1,3/31/2022,11:19:33 AM,2,3/31/2022,11:19:36 AM,3,3/31/2022,11:19:39 AM
SKT_13,16, ,Fe 238.204,Fe,238.204,24602.89042,0.7612338305,187.2855251,0.06263141342,0.06263141342,0.063,0.063,0.5567792418,0.0003487187088,0.0003487187088,mg/L,mg/L,1,3/31/2022,11:19:45 AM,2,3/31/2022,11:19:55 AM,3,3/31/2022,11:20:02 AM
SKT_13,16, ,Zn 206.200,Zn,206.201,8165.07427,0.02915765784,2.380744418,0.08320610904,0.08320610904,0.083,0.083,0.02749831441,2.288027747e-005,2.288027747e-005,mg/L,mg/L,1,3/31/2022,11:20:11 AM,2,3/31/2022,11:20:20 AM,3,3/31/2022,11:20:28 AM
SKT_14,17, ,Cd 228.802,Cd,228.801,1752.66021,2.521763193,44.19794006,0.004367491969,0.004367491969,0.004,0.004,3.003410478,0.0001311737114,0.0001311737114,mg/L,mg/L,1,3/31/2022,11:22:47 AM,2,3/31/2022,11:22:56 AM,3,3/31/2022,11:23:04 AM
SKT_14,17, ,K 766.490,K,766.493,2763959.316,0.5185477468,14332.44876,2.962221107,2.962221107,2.962,2.962,0.5062183764,0.01499530759,0.01499530759,mg/L,mg/L,1,3/31/2022,11:23:18 AM,2,3/31/2022,11:23:21 AM,3,3/31/2022,11:23:23 AM
SKT_14,17, ,Na 589.592,Na,589.595,621771.3984,0.2763795832,1718.449199,0.2418787505,0.2418787505,0.242,0.242,0.1762595528,0.0004263344039,0.0004263344039,mg/L,mg/L,1,3/31/2022,11:23:30 AM,2,3/31/2022,11:23:33 AM,3,3/31/2022,11:23:36 AM
SKT_14,17, ,Fe 238.204,Fe,238.204,10970.96794,0.6178886037,67.78836061,0.03724927884,0.03724927884,0.037,0.037,0.3388506296,0.0001262194159,0.0001262194159,mg/L,mg/L,1,3/31/2022,11:23:43 AM,2,3/31/2022,11:23:52 AM,3,3/31/2022,11:23:59 AM
SKT_14,17, ,Zn 206.200,Zn,206.201,1850.058513,0.4879347226,9.027077876,0.0225152967,0.0225152967,0.023,0.023,0.3853168727,8.675523711e-005,8.675523711e-005,mg/L,mg/L,1,3/31/2022,11:24:09 AM,2,3/31/2022,11:24:19 AM,3,3/31/2022,11:24:28 AM
SKT_15,18, ,Cd 228.802,Cd,228.801,1662.413134,0.2745431717,4.564041745,0.004099650441,0.004099650441,0.004,0.004,0.3304057208,1.354547959e-005,1.354547959e-005,mg/L,mg/L,1,3/31/2022,11:26:48 AM,2,3/31/2022,11:26:56 AM,3,3/31/2022,11:27:04 AM
SKT_15,18, ,K 766.490,K,766.493,199455.8024,0.5303555648,1057.824947,0.2791123327,0.2791123327,0.279,0.279,0.3965242567,0.001106748103,0.001106748103,mg/L,mg/L,1,3/31/2022,11:27:18 AM,2,3/31/2022,11:27:21 AM,3,3/31/2022,11:27:24 AM
SKT_15,18, ,Na 589.592,Na,589.595,1898280.639,0.7160621404,13592.86897,0.5585711533,0.5585711533,0.559,0.559,0.6037349384,0.003372289208,0.003372289208,mg/L,mg/L,1,3/31/2022,11:27:31 AM,2,3/31/2022,11:27:34 AM,3,3/31/2022,11:27:36 AM
SKT_15,18, ,Fe 238.204,Fe,238.204,964773.6245,0.6743449711,6505.902419,1.813194486,1.813194486,1.813,1.813,0.6680887984,0.01211374926,0.01211374926,mg/L,mg/L,1,3/31/2022,11:27:43 AM,2,3/31/2022,11:27:46 AM,3,3/31/2022,11:27:48 AM
SKT_15,18, ,Zn 206.200,Zn,206.201,3012.169599,0.4949460932,14.90861575,0.03368383033,0.03368383033,0.034,0.034,0.4253675566,0.000143280086,0.000143280086,mg/L,mg/L,1,3/31/2022,11:27:52 AM,2,3/31/2022,11:28:02 AM,3,3/31/2022,11:28:10 AM
SKT_16,19, ,Cd 228.802,Cd,228.801,1833.366248,1.247895889,22.87850204,0.004607016946,0.004607016946,0.005,0.005,1.473847518,6.790040489e-005,6.790040489e-005,mg/L,mg/L,1,3/31/2022,11:30:30 AM,2,3/31/2022,11:30:38 AM,3,3/31/2022,11:30:46 AM
SKT_16,19, ,K 766.490,K,766.493,74687833.79,0.07916955395,59130.02486,78.21248987,78.21248987,78.21,78.21,0.07909826017,0.06186471873,0.06186471873,mg/L,mg/L,1,3/31/2022,11:31:00 AM,2,3/31/2022,11:31:08 AM,3,3/31/2022,11:31:15 AM
SKT_16,19, ,Na 589.592,Na,589.595, , , ,11.90311001,11.90311001,11.90,11.90,0.02807355272,0.003341625865,0.003341625865,mg/L,mg/L,1,3/31/2022,11:31:27 AM,2,3/31/2022,11:31:35 AM,3,3/31/2022,11:31:43 AM
SKT_16,19, ,Fe 238.204,Fe,238.204,44803.14779,0.4449807976,199.3654044,0.1002435442,0.1002435442,0.100,0.100,0.3703091299,0.0003712109964,0.0003712109964,mg/L,mg/L,1,3/31/2022,11:31:56 AM,2,3/31/2022,11:32:03 AM,3,3/31/2022,11:32:10 AM
SKT_16,19, ,Zn 206.200,Zn,206.201,24728.67659,0.3352983194,82.91483701,0.2423915361,0.2423915361,0.242,0.242,0.3287481461,0.0007968576813,0.0007968576813,mg/L,mg/L,1,3/31/2022,11:32:18 AM,2,3/31/2022,11:32:27 AM,3,3/31/2022,11:32:34 AM
SKT_17,20, ,Cd 228.802,Cd,228.801,1775.231161,4.041094878,71.73877553,0.004434479605,0.004434479605,0.004,0.004,4.801269411,0.0002129113128,0.0002129113128,mg/L,mg/L,1,3/31/2022,11:34:52 AM,2,3/31/2022,11:35:01 AM,3,3/31/2022,11:35:09 AM
SKT_17,20, ,K 766.490,K,766.493,30584883.07,0.4280394081,130915.3525,32.06982974,32.06982974,32.07,32.07,0.4270993457,0.136970033,0.136970033,mg/L,mg/L,1,3/31/2022,11:35:22 AM,2,3/31/2022,11:35:28 AM,3,3/31/2022,11:35:33 AM
SKT_17,20, ,Na 589.592,Na,589.595,53393685.88,0.2806796146,149865.1917,13.33419635,13.33419635,13.33,13.33,0.2788352076,0.03718043408,0.03718043408,mg/L,mg/L,1,3/31/2022,11:35:42 AM,2,3/31/2022,11:35:50 AM,3,3/31/2022,11:35:58 AM
SKT_17,20, ,Fe 238.204,Fe,238.204,48810.29687,0.08150577636,39.78321141,0.1077047073,0.1077047073,0.108,0.108,0.06877588501,7.407486567e-005,7.407486567e-005,mg/L,mg/L,1,3/31/2022,11:36:10 AM,2,3/31/2022,11:36:17 AM,3,3/31/2022,11:36:24 AM
SKT_17,20, ,Zn 206.200,Zn,206.201,9514.523685,0.2915906477,27.74346124,0.09617506816,0.09617506816,0.096,0.096,0.2772341023,0.0002666300868,0.0002666300868,mg/L,mg/L,1,3/31/2022,11:36:32 AM,2,3/31/2022,11:36:39 AM,3,3/31/2022,11:36:47 AM
SKT_18,21, ,Cd 228.802,Cd,228.801,-291.2668307,12.27839652,35.76289641,-0.001698616439,-0.001698616439,-0.002,-0.002,6.248591592,0.000106139604,0.000106139604,mg/L,mg/L,1,3/31/2022,11:44:13 AM,2,3/31/2022,11:44:20 AM,3,3/31/2022,11:44:27 AM
SKT_18,21, ,K 766.490,K,766.493,3789683.409,0.4609764043,17469.54632,4.035383729,4.035383729,4.035,4.035,0.452930711,0.01827749221,0.01827749221,mg/L,mg/L,1,3/31/2022,11:44:39 AM,2,3/31/2022,11:44:43 AM,3,3/31/2022,11:44:45 AM
SKT_18,21, ,Na 589.592,Na,589.595,34915148.02,0.4732118724,165222.6257,8.749809205,8.749809205,8.750,8.750,0.4684730571,0.04099049867,0.04099049867,mg/L,mg/L,1,3/31/2022,11:44:52 AM,2,3/31/2022,11:44:58 AM,3,3/31/2022,11:45:04 AM
SKT_18,21, ,Fe 238.204,Fe,238.204,7370898.815,0.5437642423,40080.31209,13.74116224,13.74116224,13.74,13.74,0.5430985735,0.07462805612,0.07462805612,mg/L,mg/L,1,3/31/2022,11:45:15 AM,2,3/31/2022,11:45:19 AM,3,3/31/2022,11:45:22 AM
SKT_18,21, ,Zn 206.200,Zn,206.201,62595.31927,0.5682312333,355.6861547,0.6063110248,0.6063110248,0.606,0.606,0.5637934254,0.003418341695,0.003418341695,mg/L,mg/L,1,3/31/2022,11:45:26 AM,2,3/31/2022,11:45:34 AM,3,3/31/2022,11:45:40 AM
SKT_19,22, ,Cd 228.802,Cd,228.801,-412.425853,7.935672402,32.72876459,-0.002058200587,-0.002058200587,-0.002,-0.002,4.719398964,9.713469716e-005,9.713469716e-005,mg/L,mg/L,1,3/31/2022,11:48:03 AM,2,3/31/2022,11:48:10 AM,3,3/31/2022,11:48:18 AM
SKT_19,22, ,K 766.490,K,766.493,44914866.85,0.467610995,210026.8558,47.06255836,47.06255836,47.06,47.06,0.4669111872,0.2197403499,0.2197403499,mg/L,mg/L,1,3/31/2022,11:48:31 AM,2,3/31/2022,11:48:40 AM,3,3/31/2022,11:48:47 AM
SKT_19,22, ,Na 589.592,Na,589.595, , , ,9.185194819,9.185194819,9.185,9.185,2.271032223,0.2085987341,0.2085987341,mg/L,mg/L,1,3/31/2022,11:48:58 AM,2,3/31/2022,11:49:07 AM,3,3/31/2022,11:49:16 AM
SKT_19,22, ,Fe 238.204,Fe,238.204,34735.35964,0.4391557219,152.5423194,0.08149769569,0.08149769569,0.081,0.081,0.3485106474,0.0002840281469,0.0002840281469,mg/L,mg/L,1,3/31/2022,11:49:28 AM,2,3/31/2022,11:49:37 AM,3,3/31/2022,11:49:44 AM
SKT_19,22, ,Zn 206.200,Zn,206.201,15976.43719,0.256366674,40.95826066,0.1582776496,0.1582776496,0.158,0.158,0.2486969306,0.0003936316562,0.0003936316562,mg/L,mg/L,1,3/31/2022,11:49:53 AM,2,3/31/2022,11:50:02 AM,3,3/31/2022,11:50:10 AM
SKT_20,23, ,Cd 228.802,Cd,228.801,2162.794879,1.362703057,29.47247193,0.005584718084,0.005584718084,0.006,0.006,1.566246401,8.7470446e-005,8.7470446e-005,mg/L,mg/L,1,3/31/2022,11:52:29 AM,2,3/31/2022,11:52:37 AM,3,3/31/2022,11:52:44 AM
SKT_20,23, ,K 766.490,K,766.493,24375945.37,0.6970371036,169909.3836,25.573736,25.573736,25.57,25.57,0.6951174126,0.177767492,0.177767492,mg/L,mg/L,1,3/31/2022,11:52:57 AM,2,3/31/2022,11:53:03 AM,3,3/31/2022,11:53:07 AM
SKT_20,23, ,Na 589.592,Na,589.595,54655141.63,0.312611957,170858.5079,13.6471541,13.6471541,13.65,13.65,0.3106048237,0.04238871892,0.04238871892,mg/L,mg/L,1,3/31/2022,11:53:16 AM,2,3/31/2022,11:53:24 AM,3,3/31/2022,11:53:32 AM
SKT_20,23, ,Fe 238.204,Fe,238.204,22216.42374,0.4793662793,106.4980439,0.05818790088,0.05818790088,0.058,0.058,0.3407846113,0.0001982954118,0.0001982954118,mg/L,mg/L,1,3/31/2022,11:53:44 AM,2,3/31/2022,11:53:52 AM,3,3/31/2022,11:54:00 AM
SKT_20,23, ,Zn 206.200,Zn,206.201,7439.226387,0.5717024859,42.53024219,0.07623030734,0.07623030734,0.076,0.076,0.536189984,0.0004087392727,0.0004087392727,mg/L,mg/L,1,3/31/2022,11:54:09 AM,2,3/31/2022,11:54:17 AM,3,3/31/2022,11:54:24 AM
C1b,24, ,Cd 228.802,Cd,228.801,1762.106859,2.361965484,41.62035581,0.004395528392,0.004395528392,0.004,0.004,2.810214545,0.0001235237782,0.0001235237782,mg/L,mg/L,1,3/31/2022,11:56:43 AM,2,3/31/2022,11:56:51 AM,3,3/31/2022,11:56:58 AM
C1b,24, ,K 766.490,K,766.493,37044.17655,1.075104084,398.2634548,0.1091893609,0.1091893609,0.109,0.109,0.381614716,0.0004166826695,0.0004166826695,mg/L,mg/L,1,3/31/2022,11:57:11 AM,2,3/31/2022,11:57:16 AM,3,3/31/2022,11:57:20 AM
C1b,24, ,Na 589.592,Na,589.595,522294.9814,0.663855697,3467.284989,0.2171993949,0.2171993949,0.217,0.217,0.3960450692,0.0008602074937,0.0008602074937,mg/L,mg/L,1,3/31/2022,11:57:28 AM,2,3/31/2022,11:57:32 AM,3,3/31/2022,11:57:35 AM
C1b,24, ,Fe 238.204,Fe,238.204,7378.066297,1.243732817,91.76343177,0.0305594291,0.0305594291,0.031,0.031,0.5591076637,0.0001708601101,0.0001708601101,mg/L,mg/L,1,3/31/2022,11:57:41 AM,2,3/31/2022,11:57:51 AM,3,3/31/2022,11:57:58 AM
C1b,24, ,Zn 206.200,Zn,206.201,329.5565608,2.301951585,7.586232474,0.007902427589,0.007902427589,0.008,0.008,0.9226014528,7.290791175e-005,7.290791175e-005,mg/L,mg/L,1,3/31/2022,11:58:08 AM,2,3/31/2022,11:58:18 AM,3,3/31/2022,11:58:26 AM
C2b,25, ,Cd 228.802,Cd,228.801,1636.320171,2.918438934,47.75500495,0.004022209936,0.004022209936,0.004,0.004,3.523700095,0.0001417306153,0.0001417306153,mg/L,mg/L,1,3/31/2022,12:00:46 PM,2,3/31/2022,12:00:54 PM,3,3/31/2022,12:01:01 PM
C2b,25, ,K 766.490,K,766.493,29723.29197,0.8036120869,238.8599669,0.101529894,0.101529894,0.102,0.102,0.246141258,0.0002499069584,0.0002499069584,mg/L,mg/L,1,3/31/2022,12:01:14 PM,2,3/31/2022,12:01:19 PM,3,3/31/2022,12:01:23 PM
C2b,25, ,Na 589.592,Na,589.595,464766.1652,1.254580599,5830.866138,0.2029269255,0.2029269255,0.203,0.203,0.7128646479,0.001446594313,0.001446594313,mg/L,mg/L,1,3/31/2022,12:01:31 PM,2,3/31/2022,12:01:34 PM,3,3/31/2022,12:01:38 PM
C2b,25, ,Fe 238.204,Fe,238.204,5721.718083,3.130353142,179.1099818,0.02747537009,0.02747537009,0.027,0.027,1.213800392,0.0003334961499,0.0003334961499,mg/L,mg/L,1,3/31/2022,12:01:44 PM,2,3/31/2022,12:01:52 PM,3,3/31/2022,12:01:59 PM
C2b,25, ,Zn 206.200,Zn,206.201,265.1072808,10.24117394,27.15009776,0.007283034177,0.007283034177,0.007,0.007,3.582676225,0.0002609275339,0.0002609275339,mg/L,mg/L,1,3/31/2022,12:02:07 PM,2,3/31/2022,12:02:17 PM,3,3/31/2022,12:02:25 PM
C3b,26, ,Cd 228.802,Cd,228.801,1706.803302,2.185774369,37.30686911,0.004231394659,0.004231394659,0.004,0.004,2.616676584,0.0001107219132,0.0001107219132,mg/L,mg/L,1,3/31/2022,12:04:45 PM,2,3/31/2022,12:04:53 PM,3,3/31/2022,12:05:00 PM
C3b,26, ,K 766.490,K,766.493,25419.37345,0.7504425885,190.7578041,0.09702692437,0.09702692437,0.097,0.097,0.2056956135,0.0001995801273,0.0001995801273,mg/L,mg/L,1,3/31/2022,12:05:13 PM,2,3/31/2022,12:05:18 PM,3,3/31/2022,12:05:22 PM
C3b,26, ,Na 589.592,Na,589.595,311506.1794,0.1772974317,552.2924556,0.1649042684,0.1649042684,0.165,0.165,0.08309040882,0.0001370196308,0.0001370196308,mg/L,mg/L,1,3/31/2022,12:05:30 PM,2,3/31/2022,12:05:33 PM,3,3/31/2022,12:05:35 PM
C3b,26, ,Fe 238.204,Fe,238.204,3439.024513,2.780851099,95.63415097,0.02322507924,0.02322507924,0.023,0.023,0.7667024253,0.0001780672458,0.0001780672458,mg/L,mg/L,1,3/31/2022,12:05:42 PM,2,3/31/2022,12:05:50 PM,3,3/31/2022,12:05:57 PM
C3b,26, ,Zn 206.200,Zn,206.201,187.7591652,11.56256373,21.70977314,0.006539675783,0.006539675783,0.007,0.007,3.190417945,0.0002086429897,0.0002086429897,mg/L,mg/L,1,3/31/2022,12:06:05 PM,2,3/31/2022,12:06:15 PM,3,3/31/2022,12:06:23 PM
SKT_21,27, ,Cd 228.802,Cd,228.801,1978.418394,2.313244432,45.76565335,0.005037512765,0.005037512765,0.005,0.005,2.696300456,0.0001358264797,0.0001358264797,mg/L,mg/L,1,3/31/2022,12:08:43 PM,2,3/31/2022,12:08:51 PM,3,3/31/2022,12:08:58 PM
SKT_21,27, ,K 766.490,K,766.493,568490.1152,0.7635356873,4340.624909,0.6652140469,0.6652140469,0.665,0.665,0.6826935943,0.004541373687,0.004541373687,mg/L,mg/L,1,3/31/2022,12:09:11 PM,2,3/31/2022,12:09:14 PM,3,3/31/2022,12:09:16 PM
SKT_21,27, ,Na 589.592,Na,589.595,3513749.653,1.09363681,38427.65961,0.9593569428,0.9593569428,0.959,0.959,0.9937505783,0.009533615167,0.009533615167,mg/L,mg/L,1,3/31/2022,12:09:23 PM,2,3/31/2022,12:09:26 PM,3,3/31/2022,12:09:30 PM
SKT_21,27, ,Fe 238.204,Fe,238.204,475838.8228,0.5558576226,2644.986368,0.9028160011,0.9028160011,0.903,0.903,0.5455005907,0.004924866619,0.004924866619,mg/L,mg/L,1,3/31/2022,12:09:36 PM,2,3/31/2022,12:09:40 PM,3,3/31/2022,12:09:43 PM
SKT_21,27, ,Zn 206.200,Zn,206.201,9305.471834,0.534551367,49.74252689,0.09416596365,0.09416596365,0.094,0.094,0.5076710522,0.0004780533385,0.0004780533385,mg/L,mg/L,1,3/31/2022,12:09:47 PM,2,3/31/2022,12:09:55 PM,3,3/31/2022,12:10:02 PM
SKT_22,28, ,Cd 228.802,Cd,228.801,-1127.559539,2.058229036,23.20775784,-0.004180623933,-0.004180623933,-0.004,-0.004,1.647543385,6.887759308e-005,6.887759308e-005,mg/L,mg/L,1,3/31/2022,12:12:21 PM,2,3/31/2022,12:12:28 PM,3,3/31/2022,12:12:36 PM
SKT_22,28, ,K 766.490,K,766.493,18308627.38,0.6164048154,112855.2608,19.22581172,19.22581172,19.23,19.23,0.6141466749,0.1180746834,0.1180746834,mg/L,mg/L,1,3/31/2022,12:12:48 PM,2,3/31/2022,12:12:53 PM,3,3/31/2022,12:12:58 PM
SKT_22,28, ,Na 589.592,Na,589.595,2611704.545,1.1673615,30488.03335,0.7355662928,0.7355662928,0.736,0.736,1.028303404,0.007563853228,0.007563853228,mg/L,mg/L,1,3/31/2022,12:13:06 PM,2,3/31/2022,12:13:10 PM,3,3/31/2022,12:13:13 PM
SKT_22,28, ,Fe 238.204,Fe,238.204,21874.17281,0.7957062753,174.0541657,0.05755064234,0.05755064234,0.058,0.058,0.5631256136,0.0003240824078,0.0003240824078,mg/L,mg/L,1,3/31/2022,12:13:19 PM,2,3/31/2022,12:13:28 PM,3,3/31/2022,12:13:35 PM
SKT_22,28, ,Zn 206.200,Zn,206.201,6939.755343,0.8642203545,59.97477823,0.07143011292,0.07143011292,0.071,0.071,0.8069299333,0.0005763909626,0.0005763909626,mg/L,mg/L,1,3/31/2022,12:13:44 PM,2,3/31/2022,12:13:52 PM,3,3/31/2022,12:13:59 PM
SKT_23,29, ,Cd 228.802,Cd,228.801,1089.141604,3.438236055,37.44725931,0.002398255439,0.002398255439,0.002,0.002,4.634142434,0.000111138573,0.000111138573,mg/L,mg/L,1,3/31/2022,12:16:17 PM,2,3/31/2022,12:16:25 PM,3,3/31/2022,12:16:32 PM
SKT_23,29, ,K 766.490,K,766.493,4282710.436,0.6993407691,29950.7401,4.551212673,4.551212673,4.551,4.551,0.6885181759,0.03133592648,0.03133592648,mg/L,mg/L,1,3/31/2022,12:16:45 PM,2,3/31/2022,12:16:47 PM,3,3/31/2022,12:16:50 PM
SKT_23,29, ,Na 589.592,Na,589.595,823472.0842,0.7642651793,6293.510401,0.2919191833,0.2919191833,0.292,0.292,0.5348647799,0.001561372897,0.001561372897,mg/L,mg/L,1,3/31/2022,12:16:56 PM,2,3/31/2022,12:17:00 PM,3,3/31/2022,12:17:03 PM
SKT_23,29, ,Fe 238.204,Fe,238.204,18846.59141,0.3659835288,68.9754203,0.05191339795,0.05191339795,0.052,0.052,0.247392161,0.000128429677,0.000128429677,mg/L,mg/L,1,3/31/2022,12:17:09 PM,2,3/31/2022,12:17:17 PM,3,3/31/2022,12:17:23 PM
SKT_23,29, ,Zn 206.200,Zn,206.201,3856.683953,0.366255115,14.12530225,0.04180008279,0.04180008279,0.042,0.042,0.3247649256,0.0001357520078,0.0001357520078,mg/L,mg/L,1,3/31/2022,12:17:32 PM,2,3/31/2022,12:17:41 PM,3,3/31/2022,12:17:48 PM
SKT_24,30, ,Cd 228.802,Cd,228.801,1912.182852,3.107913579,59.42899051,0.004840934331,0.004840934331,0.005,0.005,3.643459447,0.0001763774792,0.0001763774792,mg/L,mg/L,1,3/31/2022,12:20:07 PM,2,3/31/2022,12:20:15 PM,3,3/31/2022,12:20:22 PM
SKT_24,30, ,K 766.490,K,766.493,642575.1722,0.9408767127,6045.840157,0.7427254504,0.7427254504,0.743,0.743,0.8516542855,0.006325453128,0.006325453128,mg/L,mg/L,1,3/31/2022,12:20:35 PM,2,3/31/2022,12:20:38 PM,3,3/31/2022,12:20:40 PM
SKT_24,30, ,Na 589.592,Na,589.595,2344687.7,0.4859009239,11392.8592,0.669321409,0.669321409,0.669,0.669,0.4222908734,0.002826483224,0.002826483224,mg/L,mg/L,1,3/31/2022,12:20:46 PM,2,3/31/2022,12:20:50 PM,3,3/31/2022,12:20:53 PM
SKT_24,30, ,Fe 238.204,Fe,238.204,804485.1306,0.3469140628,2790.872051,1.51474325,1.51474325,1.515,1.515,0.3430614632,0.005196500356,0.005196500356,mg/L,mg/L,1,3/31/2022,12:20:59 PM,2,3/31/2022,12:21:03 PM,3,3/31/2022,12:21:06 PM
SKT_24,30, ,Zn 206.200,Zn,206.201,2678.049598,0.3950024255,10.57836087,0.03047275135,0.03047275135,0.030,0.030,0.3336224155,0.0001016639291,0.0001016639291,mg/L,mg/L,1,3/31/2022,12:21:10 PM,2,3/31/2022,12:21:18 PM,3,3/31/2022,12:21:26 PM
SKT_25,31, ,Cd 228.802,Cd,228.801,1578.993076,1.361067975,21.49116908,0.003852070608,0.003852070608,0.004,0.004,1.655810301,6.378298192e-005,6.378298192e-005,mg/L,mg/L,1,3/31/2022,12:23:46 PM,2,3/31/2022,12:23:53 PM,3,3/31/2022,12:24:00 PM
SKT_25,31, ,K 766.490,K,766.493,69545667.33,0.5421902453,377069.8243,72.83250429,72.83250429,72.83,72.83,0.5416659257,0.3945088586,0.3945088586,mg/L,mg/L,1,3/31/2022,12:24:13 PM,2,3/31/2022,12:24:21 PM,3,3/31/2022,12:24:29 PM
SKT_25,31, ,Na 589.592,Na,589.595, , , ,16.52363695,16.52363695,16.52,16.52,0.1732649974,0.02862967914,0.02862967914,mg/L,mg/L,1,3/31/2022,12:24:40 PM,2,3/31/2022,12:24:48 PM,3,3/31/2022,12:24:56 PM
SKT_25,31, ,Fe 238.204,Fe,238.204,51665.89258,0.3641883734,188.1611738,0.1130217207,0.1130217207,0.113,0.113,0.3099838968,0.0003503491342,0.0003503491342,mg/L,mg/L,1,3/31/2022,12:25:08 PM,2,3/31/2022,12:25:16 PM,3,3/31/2022,12:25:23 PM
SKT_25,31, ,Zn 206.200,Zn,206.201,23774.75265,0.2022814726,48.09191977,0.2332237967,0.2332237967,0.233,0.233,0.1981744972,0.0004621900864,0.0004621900864,mg/L,mg/L,1,3/31/2022,12:25:31 PM,2,3/31/2022,12:25:39 PM,3,3/31/2022,12:25:46 PM
SKT_26,32, ,Cd 228.802,Cd,228.801,1984.079699,1.023238904,20.30187537,0.005054314778,0.005054314778,0.005,0.005,1.192116364,6.025331357e-005,6.025331357e-005,mg/L,mg/L,1,3/31/2022,12:28:05 PM,2,3/31/2022,12:28:12 PM,3,3/31/2022,12:28:19 PM
SKT_26,32, ,K 766.490,K,766.493,29289395.03,0.83492629,244544.8593,30.71442691,30.71442691,30.71,30.71,0.8330117019,0.2558547704,0.2558547704,mg/L,mg/L,1,3/31/2022,12:28:32 PM,2,3/31/2022,12:28:38 PM,3,3/31/2022,12:28:43 PM
SKT_26,32, ,Na 589.592,Na,589.595, , , ,16.0369206,16.0369206,16.04,16.04,0.571489317,0.09164928799,0.09164928799,mg/L,mg/L,1,3/31/2022,12:28:52 PM,2,3/31/2022,12:29:00 PM,3,3/31/2022,12:29:07 PM
SKT_26,32, ,Fe 238.204,Fe,238.204,34191.79786,0.3698251716,126.4498751,0.0804856038,0.0804856038,0.080,0.080,0.2925305536,0.0002354449824,0.0002354449824,mg/L,mg/L,1,3/31/2022,12:29:20 PM,2,3/31/2022,12:29:28 PM,3,3/31/2022,12:29:36 PM
SKT_26,32, ,Zn 206.200,Zn,206.201,9607.517522,0.5954647696,57.20938208,0.09706879064,0.09706879064,0.097,0.097,0.5664168313,0.0005498139681,0.0005498139681,mg/L,mg/L,1,3/31/2022,12:29:45 PM,2,3/31/2022,12:29:54 PM,3,3/31/2022,12:30:01 PM
SKT_27,33, ,Cd 228.802,Cd,228.801,1477.542735,2.99084109,44.19095525,0.003550979251,0.003550979251,0.004,0.004,3.693431366,0.0001311529814,0.0001311529814,mg/L,mg/L,1,3/31/2022,12:32:19 PM,2,3/31/2022,12:32:27 PM,3,3/31/2022,12:32:34 PM
SKT_27,33, ,K 766.490,K,766.493,1162082.094,0.5839368387,6785.825445,1.286258954,1.286258954,1.286,1.286,0.5519620942,0.007099661862,0.007099661862,mg/L,mg/L,1,3/31/2022,12:32:47 PM,2,3/31/2022,12:32:50 PM,3,3/31/2022,12:32:52 PM
SKT_27,33, ,Na 589.592,Na,589.595,13437933.86,0.7797657594,104784.407,3.421472877,3.421472877,3.421,3.421,0.7597964157,0.02599622829,0.02599622829,mg/L,mg/L,1,3/31/2022,12:32:59 PM,2,3/31/2022,12:33:03 PM,3,3/31/2022,12:33:07 PM
SKT_27,33, ,Fe 238.204,Fe,238.204,1910509.167,0.605825448,11574.35072,3.574119027,3.574119027,3.574,3.574,0.6029741048,0.02155101221,0.02155101221,mg/L,mg/L,1,3/31/2022,12:33:15 PM,2,3/31/2022,12:33:18 PM,3,3/31/2022,12:33:20 PM
SKT_27,33, ,Zn 206.200,Zn,206.201,12283.94872,0.0915617556,11.2473991,0.1227907825,0.1227907825,0.123,0.123,0.08803084106,0.0001080937585,0.0001080937585,mg/L,mg/L,1,3/31/2022,12:33:24 PM,2,3/31/2022,12:33:33 PM,3,3/31/2022,12:33:41 PM
SKT_28,34, ,Cd 228.802,Cd,228.801,1883.400385,1.896458991,35.71791593,0.004755511728,0.004755511728,0.005,0.005,2.229120941,0.0001060061078,0.0001060061078,mg/L,mg/L,1,3/31/2022,12:36:01 PM,2,3/31/2022,12:36:08 PM,3,3/31/2022,12:36:16 PM
SKT_28,34, ,K 766.490,K,766.493,12633171.53,0.9714970563,122730.8895,13.28787273,13.28787273,13.29,13.29,0.9663476679,0.1284070483,0.1284070483,mg/L,mg/L,1,3/31/2022,12:36:28 PM,2,3/31/2022,12:36:33 PM,3,3/31/2022,12:36:36 PM
SKT_28,34, ,Na 589.592,Na,589.595,1886790.877,0.3234625185,6103.061289,0.5557206293,0.5557206293,0.556,0.556,0.2724613441,0.001514123896,0.001514123896,mg/L,mg/L,1,3/31/2022,12:36:43 PM,2,3/31/2022,12:36:47 PM,3,3/31/2022,12:36:49 PM
SKT_28,34, ,Fe 238.204,Fe,238.204,13104.56139,0.6009494922,78.75179511,0.04122195079,0.04122195079,0.041,0.041,0.3557156367,0.0001466329247,0.0001466329247,mg/L,mg/L,1,3/31/2022,12:36:55 PM,2,3/31/2022,12:37:03 PM,3,3/31/2022,12:37:10 PM
SKT_28,34, ,Zn 206.200,Zn,206.201,2015.611185,0.9892205148,19.93883934,0.02410634991,0.02410634991,0.024,0.024,0.7949081136,0.0001916233313,0.0001916233313,mg/L,mg/L,1,3/31/2022,12:37:19 PM,2,3/31/2022,12:37:28 PM,3,3/31/2022,12:37:36 PM
SKT_29,35, ,Cd 228.802,Cd,228.801,1731.502971,1.66768578,28.87602882,0.004304700049,0.004304700049,0.004,0.004,1.990853713,8.570028075e-005,8.570028075e-005,mg/L,mg/L,1,3/31/2022,12:39:55 PM,2,3/31/2022,12:40:03 PM,3,3/31/2022,12:40:10 PM
SKT_29,35, ,K 766.490,K,766.493,25157087.54,0.3018285357,75931.26895,26.39100508,26.39100508,26.39,26.39,0.30102302,0.07944300051,0.07944300051,mg/L,mg/L,1,3/31/2022,12:40:23 PM,2,3/31/2022,12:40:28 PM,3,3/31/2022,12:40:32 PM
SKT_29,35, ,Na 589.592,Na,589.595,2215807.483,0.916346722,20304.47923,0.6373471904,0.6373471904,0.637,0.637,0.7903682064,0.005037389557,0.005037389557,mg/L,mg/L,1,3/31/2022,12:40:41 PM,2,3/31/2022,12:40:44 PM,3,3/31/2022,12:40:47 PM
SKT_29,35, ,Fe 238.204,Fe,238.204,22998.93389,0.3040779498,69.93468663,0.05964490579,0.05964490579,0.060,0.060,0.2183183856,0.0001302157954,0.0001302157954,mg/L,mg/L,1,3/31/2022,12:40:53 PM,2,3/31/2022,12:41:01 PM,3,3/31/2022,12:41:09 PM
SKT_29,35, ,Zn 206.200,Zn,206.201,6726.398225,0.4503599127,30.29300117,0.06937963239,0.06937963239,0.069,0.069,0.4196225506,0.0002911325831,0.0002911325831,mg/L,mg/L,1,3/31/2022,12:41:17 PM,2,3/31/2022,12:41:25 PM,3,3/31/2022,12:41:32 PM
SKT_30,36, ,Cd 228.802,Cd,228.801,1318.918165,1.913735761,25.24060858,0.003080202252,0.003080202252,0.003,0.003,2.432010055,7.491082847e-005,7.491082847e-005,mg/L,mg/L,1,3/31/2022,12:43:50 PM,2,3/31/2022,12:43:58 PM,3,3/31/2022,12:44:05 PM
SKT_30,36, ,K 766.490,K,766.493,871529.877,0.8630391587,7521.644119,0.98226904,0.98226904,0.982,0.982,0.8011564002,0.007869511281,0.007869511281,mg/L,mg/L,1,3/31/2022,12:44:18 PM,2,3/31/2022,12:44:21 PM,3,3/31/2022,12:44:23 PM
SKT_30,36, ,Na 589.592,Na,589.595,2518161.243,0.9490421078,23898.41054,0.7123588986,0.7123588986,0.712,0.712,0.8323075722,0.005929017054,0.005929017054,mg/L,mg/L,1,3/31/2022,12:44:30 PM,2,3/31/2022,12:44:33 PM,3,3/31/2022,12:44:35 PM
SKT_30,36, ,Fe 238.204,Fe,238.204,352216.4092,0.8579748741,3021.928294,0.6726356472,0.6726356472,0.673,0.673,0.836518038,0.005626718519,0.005626718519,mg/L,mg/L,1,3/31/2022,12:44:42 PM,2,3/31/2022,12:44:46 PM,3,3/31/2022,12:44:49 PM
SKT_30,36, ,Zn 206.200,Zn,206.201,5824.299369,0.9635331467,56.11905498,0.06070996085,0.06070996085,0.061,0.061,0.8883802773,0.0005393353185,0.0005393353185,mg/L,mg/L,1,3/31/2022,12:44:54 PM,2,3/31/2022,12:45:02 PM,3,3/31/2022,12:45:09 PM
SKT_31,37, ,Cd 228.802,Cd,228.801,1463.128,0.8117046384,11.87627784,0.003508198201,0.003508198201,0.004,0.004,1.00471065,3.524724096e-005,3.524724096e-005,mg/L,mg/L,1,3/31/2022,12:47:28 PM,2,3/31/2022,12:47:36 PM,3,3/31/2022,12:47:43 PM
SKT_31,37, ,K 766.490,K,766.493,39026535.29,0.4347305842,169660.2849,40.90189842,40.90189842,40.90,40.90,0.4339819902,0.1775068728,0.1775068728,mg/L,mg/L,1,3/31/2022,12:47:56 PM,2,3/31/2022,12:48:02 PM,3,3/31/2022,12:48:08 PM
SKT_31,37, ,Na 589.592,Na,589.595,4448883.449,0.3647343249,16226.60501,1.191356649,1.191356649,1.191,1.191,0.3379088403,0.004025699437,0.004025699437,mg/L,mg/L,1,3/31/2022,12:48:18 PM,2,3/31/2022,12:48:21 PM,3,3/31/2022,12:48:24 PM
SKT_31,37, ,Fe 238.204,Fe,238.204,36590.42644,0.4222475601,154.5021829,0.08495176136,0.08495176136,0.085,0.085,0.3386361102,0.0002876773402,0.0002876773402,mg/L,mg/L,1,3/31/2022,12:48:31 PM,2,3/31/2022,12:48:39 PM,3,3/31/2022,12:48:46 PM
SKT_31,37, ,Zn 206.200,Zn,206.201,25492.93933,0.579679825,147.7774261,0.2497365259,0.2497365259,0.250,0.250,0.5686886283,0.001420223223,0.001420223223,mg/L,mg/L,1,3/31/2022,12:48:54 PM,2,3/31/2022,12:49:03 PM,3,3/31/2022,12:49:10 PM
SKT_32,38, ,Cd 228.802,Cd,228.801,1515.868555,3.599478787,54.56336708,0.003664725278,0.003664725278,0.004,0.004,4.418801746,0.0001619369446,0.0001619369446,mg/L,mg/L,1,3/31/2022,12:51:29 PM,2,3/31/2022,12:51:36 PM,3,3/31/2022,12:51:43 PM
SKT_32,38, ,K 766.490,K,766.493,19491747.25,0.05577183037,10870.90421,20.46364949,20.46364949,20.46,20.46,0.05557987455,0.01137367071,0.01137367071,mg/L,mg/L,1,3/31/2022,12:51:56 PM,2,3/31/2022,12:52:01 PM,3,3/31/2022,12:52:05 PM
SKT_32,38, ,Na 589.592,Na,589.595,2054939.38,0.1330239332,2733.561188,0.5974370163,0.5974370163,0.597,0.597,0.1135142423,0.000678176102,0.000678176102,mg/L,mg/L,1,3/31/2022,12:52:13 PM,2,3/31/2022,12:52:17 PM,3,3/31/2022,12:52:20 PM
SKT_32,38, ,Fe 238.204,Fe,238.204,30366.35417,0.1496503251,45.44334774,0.07336276939,0.07336276939,0.073,0.073,0.1153361991,8.461382978e-005,8.461382978e-005,mg/L,mg/L,1,3/31/2022,12:52:28 PM,2,3/31/2022,12:52:35 PM,3,3/31/2022,12:52:42 PM
SKT_32,38, ,Zn 206.200,Zn,206.201,8180.454706,0.3025694477,24.75155662,0.08335392358,0.08335392358,0.083,0.083,0.2853809514,0.0002378762201,0.0002378762201,mg/L,mg/L,1,3/31/2022,12:52:50 PM,2,3/31/2022,12:52:58 PM,3,3/31/2022,12:53:05 PM
SKT_33,39, ,Cd 228.802,Cd,228.801,976.2775081,3.606426741,35.20873311,0.002063289549,0.002063289549,0.002,0.002,5.064481607,0.0001044949197,0.0001044949197,mg/L,mg/L,1,3/31/2022,12:55:23 PM,2,3/31/2022,12:55:30 PM,3,3/31/2022,12:55:37 PM
SKT_33,39, ,K 766.490,K,766.493,483237.1517,0.4437930932,2144.573103,0.5760182345,0.5760182345,0.576,0.576,0.389528828,0.002243757078,0.002243757078,mg/L,mg/L,1,3/31/2022,12:55:50 PM,2,3/31/2022,12:55:53 PM,3,3/31/2022,12:55:55 PM
SKT_33,39, ,Na 589.592,Na,589.595,1392905.028,0.2013311327,2804.35147,0.433191241,0.433191241,0.433,0.433,0.1606077354,0.000695738642,0.000695738642,mg/L,mg/L,1,3/31/2022,12:56:02 PM,2,3/31/2022,12:56:05 PM,3,3/31/2022,12:56:07 PM
SKT_33,39, ,Fe 238.204,Fe,238.204,477053.3134,0.9001502363,4294.196528,0.9050773375,0.9050773375,0.905,0.905,0.8834200682,0.007995634832,0.007995634832,mg/L,mg/L,1,3/31/2022,12:56:14 PM,2,3/31/2022,12:56:18 PM,3,3/31/2022,12:56:20 PM
SKT_33,39, ,Zn 206.200,Zn,206.201,19881.9641,0.2431387142,48.34075188,0.1958119345,0.1958119345,0.196,0.196,0.2372590325,0.0004645815012,0.0004645815012,mg/L,mg/L,1,3/31/2022,12:56:25 PM,2,3/31/2022,12:56:33 PM,3,3/31/2022,12:56:40 PM
SKT_34,40, ,Cd 228.802,Cd,228.801,1631.645748,1.924743767,31.40499983,0.004008336858,0.004008336858,0.004,0.004,2.32530198,9.320593631e-005,9.320593631e-005,mg/L,mg/L,1,3/31/2022,12:58:58 PM,2,3/31/2022,12:59:05 PM,3,3/31/2022,12:59:12 PM
SKT_34,40, ,K 766.490,K,766.493,49071680.84,0.4201128342,206156.4292,51.41162009,51.41162009,51.41,51.41,0.4195372958,0.2156909207,0.2156909207,mg/L,mg/L,1,3/31/2022,12:59:24 PM,2,3/31/2022,12:59:33 PM,3,3/31/2022,12:59:40 PM
SKT_34,40, ,Na 589.592,Na,589.595,6565442.956,1.249448995,82031.86106,1.716459245,1.716459245,1.716,1.716,1.185667049,0.02035149168,0.02035149168,mg/L,mg/L,1,3/31/2022,12:59:51 PM,2,3/31/2022,12:59:55 PM,3,3/31/2022,12:59:59 PM
SKT_34,40, ,Fe 238.204,Fe,238.204,94577.99327,0.2266479624,214.3590946,0.1929224623,0.1929224623,0.193,0.193,0.2068855473,0.000399128692,0.000399128692,mg/L,mg/L,1,3/31/2022,1:00:06 PM,2,3/31/2022,1:00:14 PM,3,3/31/2022,1:00:20 PM
SKT_34,40, ,Zn 206.200,Zn,206.201,36294.98661,0.2628101573,95.3869114,0.3535502058,0.3535502058,0.354,0.354,0.2592902607,0.0009167212502,0.0009167212502,mg/L,mg/L,1,3/31/2022,1:00:29 PM,2,3/31/2022,1:00:35 PM,3,3/31/2022,1:00:43 PM
SKT_35,41, ,Cd 228.802,Cd,228.801,1457.896438,3.074007022,44.81583887,0.003492671608,0.003492671608,0.003,0.003,3.808189528,0.0001330075544,0.0001330075544,mg/L,mg/L,1,3/31/2022,1:03:00 PM,2,3/31/2022,1:03:07 PM,3,3/31/2022,1:03:14 PM
SKT_35,41, ,K 766.490,K,766.493,29736277.6,0.4424982074,131582.4953,31.18197728,31.18197728,31.18,31.18,0.4414987196,0.1376680304,0.1376680304,mg/L,mg/L,1,3/31/2022,1:03:27 PM,2,3/31/2022,1:03:33 PM,3,3/31/2022,1:03:38 PM
SKT_35,41, ,Na 589.592,Na,589.595,2282667.508,0.9955869448,22725.9397,0.6539346629,0.6539346629,0.654,0.654,0.8621864113,0.005638135803,0.005638135803,mg/L,mg/L,1,3/31/2022,1:03:47 PM,2,3/31/2022,1:03:50 PM,3,3/31/2022,1:03:52 PM
SKT_35,41, ,Fe 238.204,Fe,238.204,31375.32526,0.3031467018,95.11326371,0.07524143618,0.07524143618,0.075,0.075,0.2353721327,0.000177097373,0.000177097373,mg/L,mg/L,1,3/31/2022,1:03:58 PM,2,3/31/2022,1:04:07 PM,3,3/31/2022,1:04:14 PM
SKT_35,41, ,Zn 206.200,Zn,206.201,8532.26171,0.5263038229,44.90561956,0.08673498448,0.08673498448,0.087,0.087,0.4975708158,0.0004315679699,0.0004315679699,mg/L,mg/L,1,3/31/2022,1:04:23 PM,2,3/31/2022,1:04:31 PM,3,3/31/2022,1:04:38 PM
SKT_36,42, ,Cd 228.802,Cd,228.801,1376.413581,4.607628057,63.42001832,0.003250841133,0.003250841133,0.003,0.003,5.789957755,0.0001882223283,0.0001882223283,mg/L,mg/L,1,3/31/2022,1:06:56 PM,2,3/31/2022,1:07:03 PM,3,3/31/2022,1:07:10 PM
SKT_36,42, ,K 766.490,K,766.493,888373.5927,1.561979122,13876.21005,0.9998917576,0.9998917576,1.000,1.000,1.451954001,0.01451796838,0.01451796838,mg/L,mg/L,1,3/31/2022,1:07:23 PM,2,3/31/2022,1:07:26 PM,3,3/31/2022,1:07:28 PM
SKT_36,42, ,Na 589.592,Na,589.595,1818883.671,0.6636419325,12070.87475,0.538873359,0.538873359,0.539,0.539,0.5557323934,0.002994693815,0.002994693815,mg/L,mg/L,1,3/31/2022,1:07:35 PM,2,3/31/2022,1:07:38 PM,3,3/31/2022,1:07:40 PM
SKT_36,42, ,Fe 238.204,Fe,238.204,790418.7554,1.060124962,8379.426529,1.48855218,1.48855218,1.489,1.489,1.048144764,0.01560218173,0.01560218173,mg/L,mg/L,1,3/31/2022,1:07:47 PM,2,3/31/2022,1:07:50 PM,3,3/31/2022,1:07:52 PM
SKT_36,42, ,Zn 206.200,Zn,206.201,6628.10901,0.3108806847,20.60551068,0.0684350184,0.0684350184,0.068,0.068,0.2893700011,0.0001980304135,0.0001980304135,mg/L,mg/L,1,3/31/2022,1:07:56 PM,2,3/31/2022,1:08:04 PM,3,3/31/2022,1:08:11 PM
SKT_37,43, ,Cd 228.802,Cd,228.801,1237.93669,2.796819343,34.6228528,0.002839859814,0.002839859814,0.003,0.003,3.618351265,0.0001027561035,0.0001027561035,mg/L,mg/L,1,3/31/2022,1:10:29 PM,2,3/31/2022,1:10:37 PM,3,3/31/2022,1:10:43 PM
SKT_37,43, ,K 766.490,K,766.493,26392718.21,1.23938042,327106.1819,27.68378221,27.68378221,27.68,27.68,1.23622724,0.3422344567,0.3422344567,mg/L,mg/L,1,3/31/2022,1:10:56 PM,2,3/31/2022,1:11:01 PM,3,3/31/2022,1:11:06 PM
SKT_37,43, ,Na 589.592,Na,589.595,2978216.574,0.1053232376,3136.754119,0.8264951881,0.8264951881,0.826,0.826,0.09415726386,0.000778205255,0.000778205255,mg/L,mg/L,1,3/31/2022,1:11:15 PM,2,3/31/2022,1:11:18 PM,3,3/31/2022,1:11:20 PM
SKT_37,43, ,Fe 238.204,Fe,238.204,23981.27857,0.6487312622,155.5740512,0.0614739952,0.0614739952,0.061,0.061,0.4712124505,0.0002896731192,0.0002896731192,mg/L,mg/L,1,3/31/2022,1:11:28 PM,2,3/31/2022,1:11:36 PM,3,3/31/2022,1:11:43 PM
SKT_37,43, ,Zn 206.200,Zn,206.201,5168.338572,0.6842137567,35.3624835,0.0544058129,0.0544058129,0.054,0.054,0.624663264,0.0003398531267,0.0003398531267,mg/L,mg/L,1,3/31/2022,1:11:52 PM,2,3/31/2022,1:12:00 PM,3,3/31/2022,1:12:07 PM
SKT_38,44, ,Cd 228.802,Cd,228.801,1725.392671,2.869689127,49.51340586,0.004286565476,0.004286565476,0.004,0.004,3.428136588,0.0001469493195,0.0001469493195,mg/L,mg/L,1,3/31/2022,1:14:26 PM,2,3/31/2022,1:14:33 PM,3,3/31/2022,1:14:40 PM
SKT_38,44, ,K 766.490,K,766.493,6054019.082,0.8219446129,49760.68371,6.404442253,6.404442253,6.404,6.404,0.8129053949,0.05206205659,0.05206205659,mg/L,mg/L,1,3/31/2022,1:14:52 PM,2,3/31/2022,1:14:56 PM,3,3/31/2022,1:14:59 PM
SKT_38,44, ,Na 589.592,Na,589.595,786648.8285,0.3070600175,2415.48403,0.2827836087,0.2827836087,0.283,0.283,0.2119159378,0.0005992635363,0.0005992635363,mg/L,mg/L,1,3/31/2022,1:15:06 PM,2,3/31/2022,1:15:09 PM,3,3/31/2022,1:15:11 PM
SKT_38,44, ,Fe 238.204,Fe,238.204,24330.69129,0.2120746042,51.59921725,0.06212458872,0.06212458872,0.062,0.062,0.1546502483,9.607583074e-005,9.607583074e-005,mg/L,mg/L,1,3/31/2022,1:15:17 PM,2,3/31/2022,1:15:25 PM,3,3/31/2022,1:15:32 PM
SKT_38,44, ,Zn 206.200,Zn,206.201,2024.763448,1.244298896,25.19410923,0.02419430825,0.02419430825,0.024,0.024,1.000770075,0.0002421293968,0.0002421293968,mg/L,mg/L,1,3/31/2022,1:15:40 PM,2,3/31/2022,1:15:49 PM,3,3/31/2022,1:15:57 PM
SKT_39,45, ,Cd 228.802,Cd,228.801,15457.24691,1.117716711,172.7682317,0.04504091474,0.04504091474,0.045,0.045,1.138417241,0.0005127535389,0.0005127535389,mg/L,mg/L,1,3/31/2022,1:18:16 PM,2,3/31/2022,1:18:23 PM,3,3/31/2022,1:18:30 PM
SKT_39,45, ,K 766.490,K,766.493,443988.0793,0.6966776625,3093.165773,0.5349539388,0.5349539388,0.535,0.535,0.6049532126,0.003236221038,0.003236221038,mg/L,mg/L,1,3/31/2022,1:18:42 PM,2,3/31/2022,1:18:46 PM,3,3/31/2022,1:18:48 PM
SKT_39,45, ,Na 589.592,Na,589.595,1465031.5,0.6573437971,9630.29369,0.4510852798,0.4510852798,0.451,0.451,0.5296568081,0.002389203894,0.002389203894,mg/L,mg/L,1,3/31/2022,1:18:54 PM,2,3/31/2022,1:18:58 PM,3,3/31/2022,1:19:01 PM
SKT_39,45, ,Fe 238.204,Fe,238.204,190193.9234,0.1875672233,356.7414611,0.3709557817,0.3709557817,0.371,0.371,0.1790616068,0.000664239383,0.000664239383,mg/L,mg/L,1,3/31/2022,1:19:08 PM,2,3/31/2022,1:19:14 PM,3,3/31/2022,1:19:19 PM
SKT_39,45, ,Zn 206.200,Zn,206.201,3127.296321,1.428601887,44.67661424,0.03479026213,0.03479026213,0.035,0.035,1.234158857,0.0004293671014,0.0004293671014,mg/L,mg/L,1,3/31/2022,1:19:25 PM,2,3/31/2022,1:19:34 PM,3,3/31/2022,1:19:41 PM
SKT_40,46, ,Cd 228.802,Cd,228.801,1530.203717,5.039695769,77.11761199,0.003707270165,0.003707270165,0.004,0.004,6.173679998,0.0002288749966,0.0002288749966,mg/L,mg/L,1,3/31/2022,1:22:00 PM,2,3/31/2022,1:22:09 PM,3,3/31/2022,1:22:17 PM
SKT_40,46, ,K 766.490,K,766.493,22304927.09,0.9084444244,202627.8665,23.40693558,23.40693558,23.41,23.41,0.9057108971,0.2119991662,0.2119991662,mg/L,mg/L,1,3/31/2022,1:22:31 PM,2,3/31/2022,1:22:36 PM,3,3/31/2022,1:22:40 PM
SKT_40,46, ,Na 589.592,Na,589.595,2107918.748,0.6389166914,13467.84472,0.6105808015,0.6105808015,0.611,0.611,0.5472284123,0.003341271626,0.003341271626,mg/L,mg/L,1,3/31/2022,1:22:49 PM,2,3/31/2022,1:22:52 PM,3,3/31/2022,1:22:54 PM
SKT_40,46, ,Fe 238.204,Fe,238.204,20315.57363,0.4497681099,91.37297155,0.05464858842,0.05464858842,0.055,0.055,0.3113220168,0.0001701330876,0.0001701330876,mg/L,mg/L,1,3/31/2022,1:23:00 PM,2,3/31/2022,1:23:09 PM,3,3/31/2022,1:23:16 PM
SKT_40,46, ,Zn 206.200,Zn,206.201,19264.84718,0.583671602,112.4434422,0.1898810978,0.1898810978,0.190,0.190,0.5691161502,0.001080643994,0.001080643994,mg/L,mg/L,1,3/31/2022,1:23:25 PM,2,3/31/2022,1:23:34 PM,3,3/31/2022,1:23:41 PM
SKT_41,47, ,Cd 228.802,Cd,228.801,1401.368688,0.2916765669,4.087464079,0.003324904632,0.003324904632,0.003,0.003,0.3648543548,1.213105934e-005,1.213105934e-005,mg/L,mg/L,1,3/31/2022,1:25:59 PM,2,3/31/2022,1:26:07 PM,3,3/31/2022,1:26:14 PM
SKT_41,47, ,K 766.490,K,766.493,24121052.55,0.3950493776,95290.06797,25.30705469,25.30705469,25.31,25.31,0.3939499177,0.09969712113,0.09969712113,mg/L,mg/L,1,3/31/2022,1:26:26 PM,2,3/31/2022,1:26:32 PM,3,3/31/2022,1:26:36 PM
SKT_41,47, ,Na 589.592,Na,589.595,3143459.809,0.1690246879,5313.223131,0.8674907998,0.8674907998,0.867,0.867,0.1519521535,0.001318170952,0.001318170952,mg/L,mg/L,1,3/31/2022,1:26:44 PM,2,3/31/2022,1:26:48 PM,3,3/31/2022,1:26:51 PM
SKT_41,47, ,Fe 238.204,Fe,238.204,33823.75042,0.7356103054,248.8109937,0.0798003131,0.0798003131,0.080,0.080,0.5805451555,0.0004632768518,0.0004632768518,mg/L,mg/L,1,3/31/2022,1:26:58 PM,2,3/31/2022,1:27:07 PM,3,3/31/2022,1:27:14 PM
SKT_41,47, ,Zn 206.200,Zn,206.201,8240.852728,0.4652055102,38.33690098,0.08393438215,0.08393438215,0.084,0.084,0.4389606772,0.0003684389323,0.0003684389323,mg/L,mg/L,1,3/31/2022,1:27:23 PM,2,3/31/2022,1:27:32 PM,3,3/31/2022,1:27:39 PM
SKT_42,48, ,Cd 228.802,Cd,228.801,109486.7404,1.495561831,1637.441899,0.3241081661,0.3241081661,0.324,0.324,1.499411038,0.004859713618,0.004859713618,mg/L,mg/L,1,3/31/2022,1:29:59 PM,2,3/31/2022,1:30:05 PM,3,3/31/2022,1:30:12 PM
SKT_42,48, ,K 766.490,K,766.493,1051697.72,0.3742762929,3936.25524,1.170769433,1.170769433,1.171,1.171,0.3517603279,0.004118302398,0.004118302398,mg/L,mg/L,1,3/31/2022,1:30:24 PM,2,3/31/2022,1:30:27 PM,3,3/31/2022,1:30:29 PM
SKT_42,48, ,Na 589.592,Na,589.595,4675820.34,0.4508752757,21082.11785,1.247657996,1.247657996,1.248,1.248,0.4192107054,0.005230315885,0.005230315885,mg/L,mg/L,1,3/31/2022,1:30:36 PM,2,3/31/2022,1:30:39 PM,3,3/31/2022,1:30:43 PM
SKT_42,48, ,Fe 238.204,Fe,238.204,1213275.247,0.6609414882,8019.039474,2.275895301,2.275895301,2.276,2.276,0.6560562952,0.01493115439,0.01493115439,mg/L,mg/L,1,3/31/2022,1:30:49 PM,2,3/31/2022,1:30:53 PM,3,3/31/2022,1:30:56 PM
SKT_42,48, ,Zn 206.200,Zn,206.201,72530.26096,0.3865545404,280.3690169,0.7017913378,0.7017913378,0.702,0.702,0.3839463359,0.002694502128,0.002694502128,mg/L,mg/L,1,3/31/2022,1:31:00 PM,2,3/31/2022,1:31:08 PM,3,3/31/2022,1:31:14 PM
SKT_43,49, ,Cd 228.802,Cd,228.801,1520.334994,3.896442044,59.23897191,0.003677981083,0.003677981083,0.004,0.004,4.780164031,0.0001758135288,0.0001758135288,mg/L,mg/L,1,3/31/2022,1:33:32 PM,2,3/31/2022,1:33:39 PM,3,3/31/2022,1:33:46 PM
SKT_43,49, ,K 766.490,K,766.493,38200468,0.6803236007,259886.7994,40.03762649,40.03762649,40.04,40.04,0.6791268137,0.2719062571,0.2719062571,mg/L,mg/L,1,3/31/2022,1:33:58 PM,2,3/31/2022,1:34:05 PM,3,3/31/2022,1:34:11 PM
SKT_43,49, ,Na 589.592,Na,589.595,3935442.946,1.050596547,41345.62771,1.063975897,1.063975897,1.064,1.064,0.9640764675,0.01025754125,0.01025754125,mg/L,mg/L,1,3/31/2022,1:34:20 PM,2,3/31/2022,1:34:24 PM,3,3/31/2022,1:34:26 PM
SKT_43,49, ,Fe 238.204,Fe,238.204,82488.62106,0.6791499065,560.2213928,0.1704124992,0.1704124992,0.170,0.170,0.6121097231,0.001043111477,0.001043111477,mg/L,mg/L,1,3/31/2022,1:34:33 PM,2,3/31/2022,1:34:41 PM,3,3/31/2022,1:34:47 PM
SKT_43,49, ,Zn 206.200,Zn,206.201,33141.34276,0.2172097625,71.98623189,0.3232419352,0.3232419352,0.323,0.323,0.2140278333,0.0006918277102,0.0006918277102,mg/L,mg/L,1,3/31/2022,1:34:55 PM,2,3/31/2022,1:35:03 PM,3,3/31/2022,1:35:11 PM
SKT_44,50, ,Cd 228.802,Cd,228.801,1560.20776,0.5463699694,8.524506663,0.003796318245,0.003796318245,0.004,0.004,0.6664252147,2.529962201e-005,2.529962201e-005,mg/L,mg/L,1,3/31/2022,1:37:29 PM,2,3/31/2022,1:37:36 PM,3,3/31/2022,1:37:43 PM
SKT_44,50, ,K 766.490,K,766.493,27059958.15,0.1349480203,36516.87781,28.38188121,28.38188121,28.38,28.38,0.1346131358,0.0382057403,0.0382057403,mg/L,mg/L,1,3/31/2022,1:37:55 PM,2,3/31/2022,1:38:01 PM,3,3/31/2022,1:38:06 PM
SKT_44,50, ,Na 589.592,Na,589.595,3354938.457,0.969060484,32511.38285,0.9199570719,0.9199570719,0.920,0.920,0.8767616841,0.008065831117,0.008065831117,mg/L,mg/L,1,3/31/2022,1:38:15 PM,2,3/31/2022,1:38:18 PM,3,3/31/2022,1:38:20 PM
SKT_44,50, ,Fe 238.204,Fe,238.204,43905.73242,0.1182714166,51.92793169,0.09857259005,0.09857259005,0.099,0.099,0.09808800279,9.668788487e-005,9.668788487e-005,mg/L,mg/L,1,3/31/2022,1:38:27 PM,2,3/31/2022,1:38:35 PM,3,3/31/2022,1:38:42 PM
SKT_44,50, ,Zn 206.200,Zn,206.201,9760.519483,0.5966257906,58.23377653,0.09853922454,0.09853922454,0.099,0.099,0.5679555232,0.0005596589683,0.0005596589683,mg/L,mg/L,1,3/31/2022,1:38:51 PM,2,3/31/2022,1:39:00 PM,3,3/31/2022,1:39:08 PM
SKT_45,51, ,Cd 228.802,Cd,228.801,18241.1682,1.825529527,332.9979116,0.05330322941,0.05330322941,0.053,0.053,1.854098344,0.000988294294,0.000988294294,mg/L,mg/L,1,3/31/2022,1:41:27 PM,2,3/31/2022,1:41:35 PM,3,3/31/2022,1:41:43 PM
SKT_45,51, ,K 766.490,K,766.493,618994.5306,0.7169208818,4437.701047,0.7180542319,0.7180542319,0.718,0.718,0.6466001141,0.004642939483,0.004642939483,mg/L,mg/L,1,3/31/2022,1:41:56 PM,2,3/31/2022,1:41:59 PM,3,3/31/2022,1:42:01 PM
SKT_45,51, ,Na 589.592,Na,589.595,2687638.244,0.8241994549,22151.49976,0.7544048761,0.7544048761,0.754,0.754,0.728471106,0.005495621545,0.005495621545,mg/L,mg/L,1,3/31/2022,1:42:08 PM,2,3/31/2022,1:42:11 PM,3,3/31/2022,1:42:14 PM
SKT_45,51, ,Fe 238.204,Fe,238.204,755451.0454,0.444149449,3355.331655,1.4234436,1.4234436,1.423,1.423,0.438900651,0.006247503225,0.006247503225,mg/L,mg/L,1,3/31/2022,1:42:21 PM,2,3/31/2022,1:42:24 PM,3,3/31/2022,1:42:27 PM
SKT_45,51, ,Zn 206.200,Zn,206.201,4639.92578,0.9130126658,42.36311006,0.0493274722,0.0493274722,0.049,0.049,0.825367735,0.00040713304,0.00040713304,mg/L,mg/L,1,3/31/2022,1:42:31 PM,2,3/31/2022,1:42:40 PM,3,3/31/2022,1:42:47 PM
SKT_46,52, ,Cd 228.802,Cd,228.801,1585.201876,2.081296894,32.99275741,0.003870497514,0.003870497514,0.004,0.004,2.529860645,9.791819335e-005,9.791819335e-005,mg/L,mg/L,1,3/31/2022,1:45:05 PM,2,3/31/2022,1:45:12 PM,3,3/31/2022,1:45:19 PM
SKT_46,52, ,K 766.490,K,766.493,28270742.54,0.7511272762,212349.2584,29.64866295,29.64866295,29.65,29.65,0.7493429344,0.222170161,0.222170161,mg/L,mg/L,1,3/31/2022,1:45:32 PM,2,3/31/2022,1:45:37 PM,3,3/31/2022,1:45:42 PM
SKT_46,52, ,Na 589.592,Na,589.595,3509606.545,0.6056717999,21256.69713,0.9583290687,0.9583290687,0.958,0.958,0.550294035,0.0052736277,0.0052736277,mg/L,mg/L,1,3/31/2022,1:45:51 PM,2,3/31/2022,1:45:54 PM,3,3/31/2022,1:45:58 PM
SKT_46,52, ,Fe 238.204,Fe,238.204,24567.60202,0.6164657083,151.4508418,0.06256570773,0.06256570773,0.063,0.063,0.4507195176,0.0002819958561,0.0002819958561,mg/L,mg/L,1,3/31/2022,1:46:05 PM,2,3/31/2022,1:46:13 PM,3,3/31/2022,1:46:20 PM
SKT_46,52, ,Zn 206.200,Zn,206.201,4998.675825,0.3085106214,15.42144585,0.05277525958,0.05277525958,0.053,0.053,0.2808298236,0.0001482086684,0.0001482086684,mg/L,mg/L,1,3/31/2022,1:46:29 PM,2,3/31/2022,1:46:37 PM,3,3/31/2022,1:46:44 PM
SKT_47,53, ,Cd 228.802,Cd,228.801,1525.815658,1.443293107,22.02199221,0.003694246978,0.003694246978,0.004,0.004,1.769193993,6.535839562e-005,6.535839562e-005,mg/L,mg/L,1,3/31/2022,1:49:02 PM,2,3/31/2022,1:49:10 PM,3,3/31/2022,1:49:19 PM
SKT_47,53, ,K 766.490,K,766.493,22771564.38,0.8798045725,200345.2646,23.89515429,23.89515429,23.90,23.90,0.8772113129,0.2096109966,0.2096109966,mg/L,mg/L,1,3/31/2022,1:49:32 PM,2,3/31/2022,1:49:38 PM,3,3/31/2022,1:49:42 PM
SKT_47,53, ,Na 589.592,Na,589.595,2442642.441,0.473154455,11557.47153,0.6936232484,0.6936232484,0.694,0.694,0.4133832482,0.002867322314,0.002867322314,mg/L,mg/L,1,3/31/2022,1:49:50 PM,2,3/31/2022,1:49:54 PM,3,3/31/2022,1:49:57 PM
SKT_47,53, ,Fe 238.204,Fe,238.204,20298.84175,0.6091449182,123.649363,0.05461743427,0.05461743427,0.055,0.055,0.4215330428,0.0002302305326,0.0002302305326,mg/L,mg/L,1,3/31/2022,1:50:03 PM,2,3/31/2022,1:50:12 PM,3,3/31/2022,1:50:19 PM
SKT_47,53, ,Zn 206.200,Zn,206.201,5586.474001,0.3947935338,22.05503812,0.05842432684,0.05842432684,0.058,0.058,0.3627960981,0.0002119611781,0.0002119611781,mg/L,mg/L,1,3/31/2022,1:50:27 PM,2,3/31/2022,1:50:36 PM,3,3/31/2022,1:50:43 PM
SKT_48,54, ,Cd 228.802,Cd,228.801,18027.71347,1.411381295,254.4397758,0.05266972365,0.05266972365,0.053,0.053,1.433734523,0.000755144011,0.000755144011,mg/L,mg/L,1,3/31/2022,1:58:08 PM,2,3/31/2022,1:58:16 PM,3,3/31/2022,1:58:23 PM
SKT_48,54, ,K 766.490,K,766.493,191723.6092,0.3547954026,680.2265509,0.2710225347,0.2710225347,0.271,0.271,0.2625930079,0.000711686226,0.000711686226,mg/L,mg/L,1,3/31/2022,1:58:36 PM,2,3/31/2022,1:58:40 PM,3,3/31/2022,1:58:43 PM
SKT_48,54, ,Na 589.592,Na,589.595,1601144.236,0.6322021912,10122.46894,0.4848538323,0.4848538323,0.485,0.485,0.5179517473,0.002511308896,0.002511308896,mg/L,mg/L,1,3/31/2022,1:58:51 PM,2,3/31/2022,1:58:55 PM,3,3/31/2022,1:58:57 PM
SKT_48,54, ,Fe 238.204,Fe,238.204,433347.5302,0.1919391484,831.7635592,0.8236987885,0.8236987885,0.824,0.824,0.1880193284,0.00154871293,0.00154871293,mg/L,mg/L,1,3/31/2022,1:59:04 PM,2,3/31/2022,1:59:08 PM,3,3/31/2022,1:59:11 PM
SKT_48,54, ,Zn 206.200,Zn,206.201,4179.883648,0.1841226459,7.696112367,0.04490621154,0.04490621154,0.045,0.045,0.164707545,7.39639186e-005,7.39639186e-005,mg/L,mg/L,1,3/31/2022,1:59:15 PM,2,3/31/2022,1:59:23 PM,3,3/31/2022,1:59:30 PM
SKT_49,55, ,Cd 228.802,Cd,228.801,1545.572898,3.168243792,48.96751738,0.003752883885,0.003752883885,0.004,0.004,3.872467101,0.0001453291938,0.0001453291938,mg/L,mg/L,1,3/31/2022,2:01:49 PM,2,3/31/2022,2:01:57 PM,3,3/31/2022,2:02:05 PM
SKT_49,55, ,K 766.490,K,766.493,48628587.24,0.2889069451,140491.3658,50.94803393,50.94803393,50.95,50.95,0.2885075524,0.1469889257,0.1469889257,mg/L,mg/L,1,3/31/2022,2:02:19 PM,2,3/31/2022,2:02:28 PM,3,3/31/2022,2:02:35 PM
SKT_49,55, ,Na 589.592,Na,589.595,6609540.238,0.1491901602,9860.783668,1.727399451,1.727399451,1.727,1.727,0.1416225259,0.002446386736,0.002446386736,mg/L,mg/L,1,3/31/2022,2:02:46 PM,2,3/31/2022,2:02:50 PM,3,3/31/2022,2:02:52 PM
SKT_49,55, ,Fe 238.204,Fe,238.204,37996.51596,0.3717022146,141.2338913,0.08756984794,0.08756984794,0.088,0.088,0.3003000222,0.0002629722728,0.0002629722728,mg/L,mg/L,1,3/31/2022,2:02:59 PM,2,3/31/2022,2:03:07 PM,3,3/31/2022,2:03:14 PM
SKT_49,55, ,Zn 206.200,Zn,206.201,26205.85737,0.1657469472,43.43540857,0.2565880647,0.2565880647,0.257,0.257,0.1626881692,0.0004174384249,0.0004174384249,mg/L,mg/L,1,3/31/2022,2:03:22 PM,2,3/31/2022,2:03:31 PM,3,3/31/2022,2:03:38 PM
SKT_50,56, ,Cd 228.802,Cd,228.801,1274.130298,3.677610474,46.85754931,0.002947277715,0.002947277715,0.003,0.003,4.718492713,0.0001390670842,0.0001390670842,mg/L,mg/L,1,3/31/2022,2:05:58 PM,2,3/31/2022,2:06:06 PM,3,3/31/2022,2:06:15 PM
SKT_50,56, ,K 766.490,K,766.493,17819803.11,0.3375121586,60144.00213,18.7143799,18.7143799,18.71,18.71,0.336241925,0.06292559124,0.06292559124,mg/L,mg/L,1,3/31/2022,2:06:28 PM,2,3/31/2022,2:06:33 PM,3,3/31/2022,2:06:37 PM
SKT_50,56, ,Na 589.592,Na,589.595,2534558.348,0.8105646239,20544.23334,0.716426898,0.716426898,0.716,0.716,0.7114292852,0.005096870759,0.005096870759,mg/L,mg/L,1,3/31/2022,2:06:45 PM,2,3/31/2022,2:06:48 PM,3,3/31/2022,2:06:51 PM
SKT_50,56, ,Fe 238.204,Fe,238.204,30429.78852,0.3168249872,96.4091736,0.0734808818,0.0734808818,0.073,0.073,0.2442952573,0.0001795103092,0.0001795103092,mg/L,mg/L,1,3/31/2022,2:06:58 PM,2,3/31/2022,2:07:06 PM,3,3/31/2022,2:07:14 PM
SKT_50,56, ,Zn 206.200,Zn,206.201,7031.860903,0.4965691156,34.91804949,0.07231529856,0.07231529856,0.072,0.072,0.4640537694,0.0003355818688,0.0003355818688,mg/L,mg/L,1,3/31/2022,2:07:23 PM,2,3/31/2022,2:07:31 PM,3,3/31/2022,2:07:38 PM
SKT_51,57, ,Cd 228.802,Cd,228.801,285225.0118,1.019789758,2908.695459,0.8456763948,0.8456763948,0.846,0.846,1.020795678,0.00863262809,0.00863262809,mg/L,mg/L,1,3/31/2022,2:09:57 PM,2,3/31/2022,2:10:01 PM,3,3/31/2022,2:10:05 PM
SKT_51,57, ,K 766.490,K,766.493,4847918.285,0.1034442936,5014.894825,5.142560718,5.142560718,5.143,5.143,0.1020275321,0.00524682779,0.00524682779,mg/L,mg/L,1,3/31/2022,2:10:14 PM,2,3/31/2022,2:10:17 PM,3,3/31/2022,2:10:20 PM
SKT_51,57, ,Na 589.592,Na,589.595,4082232.442,0.3818874651,15589.53399,1.100393274,1.100393274,1.100,1.100,0.3514786003,0.003867646879,0.003867646879,mg/L,mg/L,1,3/31/2022,2:10:27 PM,2,3/31/2022,2:10:30 PM,3,3/31/2022,2:10:32 PM
SKT_51,57, ,Fe 238.204,Fe,238.204,559038.0321,0.4361338396,2438.154034,1.057729846,1.057729846,1.058,1.058,0.4291977288,0.004539752477,0.004539752477,mg/L,mg/L,1,3/31/2022,2:10:39 PM,2,3/31/2022,2:10:43 PM,3,3/31/2022,2:10:45 PM
SKT_51,57, ,Zn 206.200,Zn,206.201,64844.26707,0.5100269814,330.7232579,0.6279246634,0.6279246634,0.628,0.628,0.5061808469,0.003178434379,0.003178434379,mg/L,mg/L,1,3/31/2022,2:10:49 PM,2,3/31/2022,2:10:57 PM,3,3/31/2022,2:11:03 PM
SKT_52,58, ,Cd 228.802,Cd,228.801,1604.48808,4.474278053,71.78925803,0.003927736449,0.003927736449,0.004,0.004,5.424527359,0.0002130611383,0.0002130611383,mg/L,mg/L,1,3/31/2022,2:13:21 PM,2,3/31/2022,2:13:30 PM,3,3/31/2022,2:13:38 PM
SKT_52,58, ,K 766.490,K,766.493,47345146.73,0.233177809,110398.3758,49.60523582,49.60523582,49.61,49.61,0.2328467318,0.1155041704,0.1155041704,mg/L,mg/L,1,3/31/2022,2:13:52 PM,2,3/31/2022,2:14:00 PM,3,3/31/2022,2:14:06 PM
SKT_52,58, ,Na 589.592,Na,589.595,8072663.37,1.235685361,99752.71953,2.090389366,2.090389366,2.090,2.090,1.183889692,0.02474790423,0.02474790423,mg/L,mg/L,1,3/31/2022,2:14:17 PM,2,3/31/2022,2:14:21 PM,3,3/31/2022,2:14:24 PM
SKT_52,58, ,Fe 238.204,Fe,238.204,130611.0356,0.3353648572,438.023513,0.2600146521,0.2600146521,0.260,0.260,0.3136683051,0.0008155835523,0.0008155835523,mg/L,mg/L,1,3/31/2022,2:14:31 PM,2,3/31/2022,2:14:38 PM,3,3/31/2022,2:14:43 PM
SKT_52,58, ,Zn 206.200,Zn,206.201,43548.06109,0.1258908518,54.82302503,0.423256284,0.423256284,0.423,0.423,0.1244824401,0.0005268797501,0.0005268797501,mg/L,mg/L,1,3/31/2022,2:14:50 PM,2,3/31/2022,2:14:58 PM,3,3/31/2022,2:15:05 PM
SKT_53,59, ,Cd 228.802,Cd,228.801,1289.315325,5.059217759,65.22926988,0.00299234489,0.00299234489,0.003,0.003,6.469573451,0.0001935919505,0.0001935919505,mg/L,mg/L,1,3/31/2022,2:17:25 PM,2,3/31/2022,2:17:33 PM,3,3/31/2022,2:17:41 PM
SKT_53,59, ,K 766.490,K,766.493,45872736.61,0.2960979754,135828.2444,48.06472847,48.06472847,48.06,48.06,0.2956640865,0.1421101403,0.1421101403,mg/L,mg/L,1,3/31/2022,2:17:55 PM,2,3/31/2022,2:18:03 PM,3,3/31/2022,2:18:09 PM
SKT_53,59, ,Na 589.592,Na,589.595,6444061.29,0.2751819191,17732.89153,1.686345361,1.686345361,1.686,1.686,0.2608835632,0.004399397864,0.004399397864,mg/L,mg/L,1,3/31/2022,2:18:20 PM,2,3/31/2022,2:18:24 PM,3,3/31/2022,2:18:27 PM
SKT_53,59, ,Fe 238.204,Fe,238.204,49123.66147,0.208786739,102.5636908,0.1082881806,0.1082881806,0.108,0.108,0.1763533113,0.0001909697923,0.0001909697923,mg/L,mg/L,1,3/31/2022,2:18:33 PM,2,3/31/2022,2:18:41 PM,3,3/31/2022,2:18:48 PM
SKT_53,59, ,Zn 206.200,Zn,206.201,20282.05562,0.6493062189,131.6926485,0.1996570364,0.1996570364,0.200,0.200,0.6339068188,0.001265639568,0.001265639568,mg/L,mg/L,1,3/31/2022,2:18:57 PM,2,3/31/2022,2:19:05 PM,3,3/31/2022,2:19:11 PM
SKT_54,60, ,Cd 228.802,Cd,228.801,73584.35988,1.709919754,1258.233505,0.2175545915,0.2175545915,0.218,0.218,1.716476138,0.00373427265,0.00373427265,mg/L,mg/L,1,3/31/2022,2:21:29 PM,2,3/31/2022,2:21:36 PM,3,3/31/2022,2:21:43 PM
SKT_54,60, ,K 766.490,K,766.493,1281021.949,0.4581674604,5869.225733,1.410699637,1.410699637,1.411,1.411,0.435292555,0.006140670495,0.006140670495,mg/L,mg/L,1,3/31/2022,2:21:55 PM,2,3/31/2022,2:21:58 PM,3,3/31/2022,2:22:00 PM
SKT_54,60, ,Na 589.592,Na,589.595,5402280.256,0.893632043,48276.50742,1.427887272,1.427887272,1.428,1.428,0.8387945562,0.01197704071,0.01197704071,mg/L,mg/L,1,3/31/2022,2:22:07 PM,2,3/31/2022,2:22:10 PM,3,3/31/2022,2:22:13 PM
SKT_54,60, ,Fe 238.204,Fe,238.204,1515368.518,0.4199922041,6364.429639,2.838381778,2.838381778,2.838,2.838,0.4175031094,0.01185033218,0.01185033218,mg/L,mg/L,1,3/31/2022,2:22:19 PM,2,3/31/2022,2:22:23 PM,3,3/31/2022,2:22:25 PM
SKT_54,60, ,Zn 206.200,Zn,206.201,15913.82019,0.2993190678,47.63309826,0.1576758654,0.1576758654,0.158,0.158,0.2903301374,0.0004577805566,0.0004577805566,mg/L,mg/L,1,3/31/2022,2:22:29 PM,2,3/31/2022,2:22:37 PM,3,3/31/2022,2:22:44 PM
C1c,61, ,Cd 228.802,Cd,228.801,1368.749235,3.122017382,42.73258902,0.003228094356,0.003228094356,0.003,0.003,3.928780483,0.000126824741,0.000126824741,mg/L,mg/L,1,3/31/2022,2:25:02 PM,2,3/31/2022,2:25:11 PM,3,3/31/2022,2:25:19 PM
C1c,61, ,K 766.490,K,766.493,32124.46905,0.6742410219,216.5963484,0.1040421227,0.1040421227,0.104,0.104,0.2178095447,0.0002266136738,0.0002266136738,mg/L,mg/L,1,3/31/2022,2:25:32 PM,2,3/31/2022,2:25:37 PM,3,3/31/2022,2:25:41 PM
C1c,61, ,Na 589.592,Na,589.595,499965.3318,0.4170128981,2084.91992,0.2116595757,0.2116595757,0.212,0.212,0.244379707,0.0005172530509,0.0005172530509,mg/L,mg/L,1,3/31/2022,2:25:49 PM,2,3/31/2022,2:25:52 PM,3,3/31/2022,2:25:54 PM
C1c,61, ,Fe 238.204,Fe,238.204,7586.368561,2.055887593,155.96721,0.03094728019,0.03094728019,0.031,0.031,0.9383867161,0.0002904051663,0.0002904051663,mg/L,mg/L,1,3/31/2022,2:26:00 PM,2,3/31/2022,2:26:09 PM,3,3/31/2022,2:26:16 PM
C1c,61, ,Zn 206.200,Zn,206.201,312.5809677,2.822496716,8.822587549,0.007739282702,0.007739282702,0.008,0.008,1.095579198,8.478997138e-005,8.478997138e-005,mg/L,mg/L,1,3/31/2022,2:26:25 PM,2,3/31/2022,2:26:33 PM,3,3/31/2022,2:26:41 PM
C2c,62, ,Cd 228.802,Cd,228.801,1274.657829,3.459571282,44.09769618,0.002948843356,0.002948843356,0.003,0.003,4.43822153,0.0001308762007,0.0001308762007,mg/L,mg/L,1,3/31/2022,2:28:59 PM,2,3/31/2022,2:29:08 PM,3,3/31/2022,2:29:16 PM
C2c,62, ,K 766.490,K,766.493,28400.77071,0.4930569785,140.0319819,0.1001462077,0.1001462077,0.100,0.100,0.146294402,0.0001465082958,0.0001465082958,mg/L,mg/L,1,3/31/2022,2:29:29 PM,2,3/31/2022,2:29:34 PM,3,3/31/2022,2:29:38 PM
C2c,62, ,Na 589.592,Na,589.595,377687.7519,0.5016528203,1894.68126,0.1813234219,0.1813234219,0.181,0.181,0.2592363722,0.000470056261,0.000470056261,mg/L,mg/L,1,3/31/2022,2:29:46 PM,2,3/31/2022,2:29:49 PM,3,3/31/2022,2:29:51 PM
C2c,62, ,Fe 238.204,Fe,238.204,5429.337244,1.458859007,79.20637539,0.0269309678,0.0269309678,0.027,0.027,0.5476198903,0.0001474793363,0.0001474793363,mg/L,mg/L,1,3/31/2022,2:29:57 PM,2,3/31/2022,2:30:06 PM,3,3/31/2022,2:30:14 PM
C2c,62, ,Zn 206.200,Zn,206.201,265.9934048,4.125908566,10.97464467,0.007291550321,0.007291550321,0.007,0.007,1.446502214,0.0001054724368,0.0001054724368,mg/L,mg/L,1,3/31/2022,2:30:23 PM,2,3/31/2022,2:30:31 PM,3,3/31/2022,2:30:39 PM
C3c,63, ,Cd 228.802,Cd,228.801,-259.3062997,15.39857265,39.92946893,-0.001603761758,-0.001603761758,-0.002,-0.002,7.389217646,0.0001185054468,0.0001185054468,mg/L,mg/L,1,3/31/2022,2:33:02 PM,2,3/31/2022,2:33:10 PM,3,3/31/2022,2:33:18 PM
C3c,63, ,K 766.490,K,766.493,25849.73697,1.402739442,362.6044561,0.0974771917,0.0974771917,0.097,0.097,0.3891930795,0.0003793744842,0.0003793744842,mg/L,mg/L,1,3/31/2022,2:33:32 PM,2,3/31/2022,2:33:37 PM,3,3/31/2022,2:33:41 PM
C3c,63, ,Na 589.592,Na,589.595,273396.9076,1.437691868,3930.605109,0.1554496429,0.1554496429,0.155,0.155,0.6273116715,0.0009751537529,0.0009751537529,mg/L,mg/L,1,3/31/2022,2:33:49 PM,2,3/31/2022,2:33:51 PM,3,3/31/2022,2:33:53 PM
C3c,63, ,Fe 238.204,Fe,238.204,3198.212198,2.80060822,89.5693937,0.02277669563,0.02277669563,0.023,0.023,0.7322172416,0.0001667748925,0.0001667748925,mg/L,mg/L,1,3/31/2022,2:34:00 PM,2,3/31/2022,2:34:08 PM,3,3/31/2022,2:34:15 PM
C3c,63, ,Zn 206.200,Zn,206.201,213.6356898,7.787767779,16.63745141,0.006788363571,0.006788363571,0.007,0.007,2.355430086,0.0001598951579,0.0001598951579,mg/L,mg/L,1,3/31/2022,2:34:25 PM,2,3/31/2022,2:34:34 PM,3,3/31/2022,2:34:41 PM
