Cap,SaltCadmium,Timepoint,Plant,TissueType,DryWeight,VolDigestUsed,Sample,Element,ConcSamp,ConcRep,CorConc,ugElementPermgDW,ugElement
28,00,0,1,shoot,0.00567,0.7,SKT_01,Cd,0.007017606,0.007,0.002572239,3.888494331,0.022047763
29,00,0,1,shoot,0.0034,0.7,SKT_02,Cd,0.006955939,0.007,0.002510572,6.329173109,0.021519189
30,00,0,1,root,4.40E-04,0.9,SKT_03,Cd,0.006087878,0.006,0.001642511,24.8865303,0.010950073
31,00,0,2,shoot,0.02381,0.7,SKT_04,Cd,0.006578702,0.007,0.002133335,0.76798524,0.018285729
32,00,0,2,shoot,0.00592,0.7,SKT_05,Cd,8.61E-04,0.001,0,0,0
33,00,0,2,root,6.60E-04,0.9,SKT_06,Cd,0,0,0,0,0
34,00,0,3,shoot,0.04599,0.7,SKT_07,Cd,0.006337639,0.006,0.001892272,0.352673935,0.016219474
35,00,0,3,shoot,0.01297,0.7,SKT_08,Cd,0.005308046,0.005,8.63E-04,0.570114991,0.007394391
36,00,0,3,root,0.00181,0.7,SKT_09,Cd,0.006270254,0.006,0.001824887,8.641927388,0.015641889
37,00,1,1,shoot,0.0067,0.7,SKT_10,Cd,0.006218319,0.006,0.001772952,2.26816887,0.015196731
38,00,1,1,shoot,0.00494,0.7,SKT_11,Cd,0.004898394,0.005,4.53E-04,0.786050318,0.003883089
39,00,1,1,root,4.50E-04,0.9,SKT_12,Cd,0.006316509,0.006,0.001871142,27.72062222,0.01247428
40,00,1,2,shoot,0.02266,0.7,SKT_13,Cd,0.005711163,0.006,0.001265796,0.478803177,0.01084968
41,00,1,2,shoot,0.0201,0.7,SKT_14,Cd,0.005744536,0.006,0.001299169,0.554016631,0.011135734
42,00,1,2,root,0.00206,0.7,SKT_15,Cd,0.00483294,0.005,3.88E-04,1.612647712,0.003322054
43,00,1,3,shoot,0.05449,0.7,SKT_16,Cd,0.004222068,0.004,0,0,0
44,00,1,3,shoot,0.03535,0.7,SKT_17,Cd,0.006242899,0.006,0.001797532,0.435853385,0.015407417
45,00,1,3,root,0.00493,0.7,SKT_18,Cd,0,0,0,0,0
46,00,2,1,shoot,0.00734,0.7,SKT_19,Cd,0.006680086,0.007,0.002234719,2.609636824,0.019154734
47,00,2,1,shoot,0.00558,0.7,SKT_20,Cd,NA,NA,NA,NA,NA
48,00,2,1,root,6.90E-04,0.9,SKT_21,Cd,0.005609245,0.006,0.001163878,11.24519807,0.007759187
49,00,2,2,shoot,0.03089,0.7,SKT_22,Cd,0.005740457,0.006,0.00129509,0.359364566,0.011100771
50,00,2,2,shoot,0.0157,0.7,SKT_23,Cd,0.004626649,0.005,1.81E-04,0.098971065,0.001553846
51,00,2,2,root,0.00293,0.7,SKT_24,Cd,0.005108282,0.005,6.63E-04,1.939293028,0.005682129
52,00,2,3,shoot,0.05331,0.7,SKT_25,Cd,0.005070288,0.005,6.25E-04,0.100477691,0.005356466
53,00,2,3,shoot,0.01395,0.7,SKT_26,Cd,0.004426483,0.004,0,0,0
54,00,2,3,root,0.0067,0.7,SKT_27,Cd,0.005589393,0.006,0.001144026,1.463572708,0.009805937
28,00,0,1,shoot,0.00567,0.7,SKT_01,Na,0.232370428,0.232,0,0,0
29,00,0,1,shoot,0.0034,0.7,SKT_02,Na,0.227859393,0.228,0,0,0
30,00,0,1,root,4.40E-04,0.9,SKT_03,Na,0.279103879,0.279,0,0,0
31,00,0,2,shoot,0.02381,0.7,SKT_04,Na,1.968999667,1.969,1.606029293,578.1589823,13.76596537
32,00,0,2,shoot,0.00592,0.7,SKT_05,Na,0.430906712,0.431,0.067936338,98.36342375,0.582311469
33,00,0,2,root,6.60E-04,0.9,SKT_06,Na,0.464336331,0.464,0.101365957,1023.898556,0.675773047
34,00,0,3,shoot,0.04599,0.7,SKT_07,Na,2.616565822,2.617,2.253595448,420.0159254,19.31653241
35,00,0,3,shoot,0.01297,0.7,SKT_08,Na,0.626883913,0.627,0.263913539,174.4114147,2.262116049
36,00,0,3,root,0.00181,0.7,SKT_09,Na,0.718587064,0.719,0.35561669,1684.056938,3.048143057
37,00,1,1,shoot,0.0067,0.7,SKT_10,Na,0.227759537,0.228,0,0,0
38,00,1,1,shoot,0.00494,0.7,SKT_11,Na,0.251450512,0.251,0,0,0
39,00,1,1,root,4.50E-04,0.9,SKT_12,Na,0.487308012,0.487,0.124337638,1842.039081,0.828917587
40,00,1,2,shoot,0.02266,0.7,SKT_13,Na,1.001714336,1.002,0.638743962,241.612897,5.474948246
41,00,1,2,shoot,0.0201,0.7,SKT_14,Na,0.973078148,0.973,0.610107774,260.1738908,5.229495206
42,00,1,2,root,0.00206,0.7,SKT_15,Na,0.909096004,0.909,0.54612563,2272.367393,4.681076829
43,00,1,3,shoot,0.05449,0.7,SKT_16,Na,3.834934292,3.835,3.471963918,546.149582,29.75969073
44,00,1,3,shoot,0.03535,0.7,SKT_17,Na,1.947944119,1.948,1.584973745,384.3136985,13.58548924
45,00,1,3,root,0.00493,0.7,SKT_18,Na,2.32391997,2.324,1.960949596,3409.358904,16.80813939
46,00,2,1,shoot,0.00734,0.7,SKT_19,Na,0.312555098,0.313,0,0,0
47,00,2,1,shoot,0.00558,0.7,SKT_20,Na,NA,NA,NA,NA,NA
48,00,2,1,root,6.90E-04,0.9,SKT_21,Na,0.341303755,0.341,0,0,0
49,00,2,2,shoot,0.03089,0.7,SKT_22,Na,1.011704234,1.012,0.64873386,180.0121704,5.560575943
50,00,2,2,shoot,0.0157,0.7,SKT_23,Na,0.801321637,0.801,0.438351263,239.318251,3.75729654
51,00,2,2,root,0.00293,0.7,SKT_24,Na,0.747384013,0.747,0.384413639,1124.564522,3.294974049
52,00,2,3,shoot,0.05331,0.7,SKT_25,Na,4.154489362,4.154,3.791518988,609.6179738,32.49873418
53,00,2,3,shoot,0.01395,0.7,SKT_26,Na,0.730368163,0.73,0.367397789,225.7436492,3.149123906
54,00,2,3,root,0.0067,0.7,SKT_27,Na,1.444870853,1.445,1.081900479,1384.094429,9.273432677
28,00,0,1,shoot,0.00567,0.7,SKT_01,K,0.533033335,0.533,0.48556188,734.0315646,4.161958971
29,00,0,1,shoot,0.0034,0.7,SKT_02,K,1.694468047,1.694,1.646996592,4152.092249,14.11711365
30,00,0,1,root,4.40E-04,0.9,SKT_03,K,0.216571191,0.217,0.169099736,2562.117212,1.127331573
31,00,0,2,shoot,0.02381,0.7,SKT_04,K,44.14494263,44.14,44.09747118,15874.77213,377.9783244
32,00,0,2,shoot,0.00592,0.7,SKT_05,K,12.04193466,12.04,11.99446321,17366.50078,102.8096846
33,00,0,2,root,6.60E-04,0.9,SKT_06,K,0.600823751,0.601,0.553352296,5589.417131,3.689015307
34,00,0,3,shoot,0.04599,0.7,SKT_07,K,116.2805266,116.3,116.2330551,21663.04261,996.2833298
35,00,0,3,shoot,0.01297,0.7,SKT_08,K,27.0628358,27.06,27.01536435,17853.52859,231.5602658
36,00,0,3,root,0.00181,0.7,SKT_09,K,1.804747111,1.805,1.757275656,8321.747384,15.06236277
37,00,1,1,shoot,0.0067,0.7,SKT_10,K,0.617271972,0.617,0.569800517,728.9558853,4.884004431
38,00,1,1,shoot,0.00494,0.7,SKT_11,K,2.238854865,2.239,2.19138341,3802.284691,18.78328637
39,00,1,1,root,4.50E-04,0.9,SKT_12,K,0.90575131,0.906,0.858279855,12715.25711,5.7218657
40,00,1,2,shoot,0.02266,0.7,SKT_13,K,17.60369417,17.6,17.55622272,6640.860944,150.481909
41,00,1,2,shoot,0.0201,0.7,SKT_14,K,39.45252466,39.45,39.40505321,16803.86064,337.7575989
42,00,1,2,root,0.00206,0.7,SKT_15,K,2.332282559,2.332,2.284811104,9506.842319,19.58409518
43,00,1,3,shoot,0.05449,0.7,SKT_16,K,74.14966053,74.15,74.10218908,11656.48047,635.1616206
44,00,1,3,shoot,0.03535,0.7,SKT_17,K,79.40295219,79.4,79.35548074,19241.57949,680.1898349
45,00,1,3,root,0.00493,0.7,SKT_18,K,4.352293672,4.352,4.304822217,7484.47792,36.89847615
46,00,2,1,shoot,0.00734,0.7,SKT_19,K,6.859314566,6.859,6.811843111,7954.663033,58.38722667
47,00,2,1,shoot,0.00558,0.7,SKT_20,K,NA,NA,NA,NA,NA
48,00,2,1,root,6.90E-04,0.9,SKT_21,K,0.299684729,0.3,0.252213274,2436.843227,1.681421827
49,00,2,2,shoot,0.03089,0.7,SKT_22,K,30.98942627,30.99,30.94195482,8585.845114,265.2167556
50,00,2,2,shoot,0.0157,0.7,SKT_23,K,30.6821845,30.68,30.63471305,16725.04807,262.5832547
51,00,2,2,root,0.00293,0.7,SKT_24,K,2.976986536,2.977,2.929515081,8570.009988,25.11012927
52,00,2,3,shoot,0.05331,0.7,SKT_25,K,112.5078324,112.5,112.4603609,18081.89741,963.945951
53,00,2,3,shoot,0.01395,0.7,SKT_26,K,30.61299849,30.61,30.56552704,18780.66177,261.9902317
54,00,2,3,root,0.0067,0.7,SKT_27,K,3.060386312,3.06,3.012914857,3854.475297,25.82498449
28,00,0,1,shoot,0.00567,0.7,SKT_01,Fe,0.054628782,0.055,0.033039659,49.94657445,0.283197077
29,00,0,1,shoot,0.0034,0.7,SKT_02,Fe,0.065591387,0.066,0.044002264,110.9300773,0.377162263
30,00,0,1,root,4.40E-04,0.9,SKT_03,Fe,0.148504697,0.149,0.126915574,1922.963242,0.846103827
31,00,0,2,shoot,0.02381,0.7,SKT_04,Fe,0.067134661,0.067,0.045545538,16.39606576,0.390390326
32,00,0,2,shoot,0.00592,0.7,SKT_05,Fe,0.063116395,0.063,0.041527272,60.12635907,0.355948046
33,00,0,2,root,6.60E-04,0.9,SKT_06,Fe,0.657769733,0.658,0.63618061,6426.066768,4.241204067
34,00,0,3,shoot,0.04599,0.7,SKT_07,Fe,0.146591075,0.147,0.125001952,23.29735383,1.071445303
35,00,0,3,shoot,0.01297,0.7,SKT_08,Fe,0.059422237,0.059,0.037833114,25.00260866,0.324283834
36,00,0,3,root,0.00181,0.7,SKT_09,Fe,1.357710281,1.358,1.336121158,6327.329872,11.45246707
37,00,1,1,shoot,0.0067,0.7,SKT_10,Fe,0.055182942,0.055,0.033593819,42.97716716,0.28794702
38,00,1,1,shoot,0.00494,0.7,SKT_11,Fe,0.027077949,0.027,0.005488826,9.523700405,0.04704708
39,00,1,1,root,4.50E-04,0.9,SKT_12,Fe,0.278125616,0.278,0.256536493,3800.540637,1.710243287
40,00,1,2,shoot,0.02266,0.7,SKT_13,Fe,0.075399874,0.075,0.053810751,20.35458996,0.461235009
41,00,1,2,shoot,0.0201,0.7,SKT_14,Fe,0.068902461,0.069,0.047313338,20.17626354,0.405542897
42,00,1,2,root,0.00206,0.7,SKT_15,Fe,0.974981617,0.975,0.953392494,3966.95906,8.171935663
43,00,1,3,shoot,0.05449,0.7,SKT_16,Fe,0.178712712,0.179,0.157123589,24.71597761,1.34677362
44,00,1,3,shoot,0.03535,0.7,SKT_17,Fe,0.137595729,0.138,0.116006606,28.1284961,0.994342337
45,00,1,3,root,0.00493,0.7,SKT_18,Fe,3.417441045,3.417,3.395851922,5904.118091,29.10730219
46,00,2,1,shoot,0.00734,0.7,SKT_19,Fe,0.038832602,0.039,0.017243479,20.13640989,0.147801249
47,00,2,1,shoot,0.00558,0.7,SKT_20,Fe,NA,NA,NA,NA,NA
48,00,2,1,root,6.90E-04,0.9,SKT_21,Fe,0.194413892,0.194,0.172824769,1669.804531,1.152165127
49,00,2,2,shoot,0.03089,0.7,SKT_22,Fe,0.102463205,0.102,0.080874082,22.44112713,0.693206417
50,00,2,2,shoot,0.0157,0.7,SKT_23,Fe,0.060148386,0.06,0.038559263,21.05146297,0.330507969
51,00,2,2,root,0.00293,0.7,SKT_24,Fe,1.071670794,1.072,1.050081671,3071.911275,9.000700037
52,00,2,3,shoot,0.05331,0.7,SKT_25,Fe,0.20136834,0.201,0.179779217,28.90573471,1.540964717
53,00,2,3,shoot,0.01395,0.7,SKT_26,Fe,0.106008803,0.106,0.08441968,51.87077112,0.723597257
54,00,2,3,root,0.0067,0.7,SKT_27,Fe,3.868826774,3.869,3.847237651,4921.839212,32.97632272
28,00,0,1,shoot,0.00567,0.7,SKT_01,Zn,0.04180055,0.042,0.034831781,52.65575359,0.298558123
29,00,0,1,shoot,0.0034,0.7,SKT_02,Zn,0.01225612,0.012,0.005287351,13.3294563,0.045320151
30,00,0,1,root,4.40E-04,0.9,SKT_03,Zn,0.028712138,0.029,0.021743369,329.4449848,0.144955793
31,00,0,2,shoot,0.02381,0.7,SKT_04,Zn,0.561377984,0.561,0.554409215,199.5833257,4.752078986
32,00,0,2,shoot,0.00592,0.7,SKT_05,Zn,0.052725938,0.053,0.045757169,66.25072732,0.392204306
33,00,0,2,root,6.60E-04,0.9,SKT_06,Zn,0.05208919,0.052,0.045120421,455.7618283,0.300802807
34,00,0,3,shoot,0.04599,0.7,SKT_07,Zn,0.175775612,0.176,0.168806843,31.46153071,1.446915797
35,00,0,3,shoot,0.01297,0.7,SKT_08,Zn,0.120849231,0.121,0.113880462,75.25969512,0.976118246
36,00,0,3,root,0.00181,0.7,SKT_09,Zn,0.067766654,0.068,0.060797885,287.9142147,0.521124729
37,00,1,1,shoot,0.0067,0.7,SKT_10,Zn,0.05156052,0.052,0.044591751,57.0470162,0.382215009
38,00,1,1,shoot,0.00494,0.7,SKT_11,Zn,0.029705494,0.03,0.022736725,39.45065067,0.194886214
39,00,1,1,root,4.50E-04,0.9,SKT_12,Zn,0.043587518,0.044,0.036618749,542.4999852,0.244124993
40,00,1,2,shoot,0.02266,0.7,SKT_13,Zn,0.309277139,0.309,0.30230837,114.3519241,2.5912146
41,00,1,2,shoot,0.0201,0.7,SKT_14,Zn,0.179559674,0.18,0.172590905,73.59953305,1.479350614
42,00,1,2,root,0.00206,0.7,SKT_15,Zn,0.185150055,0.185,0.178181286,741.3923135,1.527268166
43,00,1,3,shoot,0.05449,0.7,SKT_16,Zn,0.202993433,0.203,0.196024664,30.83522492,1.680211406
44,00,1,3,shoot,0.03535,0.7,SKT_17,Zn,0.239360607,0.239,0.232391838,56.34879887,1.99193004
45,00,1,3,root,0.00493,0.7,SKT_18,Zn,0.132283253,0.132,0.125314484,217.8750808,1.074124149
46,00,2,1,shoot,0.00734,0.7,SKT_19,Zn,0.025155481,0.025,0.018186712,21.23788867,0.155886103
47,00,2,1,shoot,0.00558,0.7,SKT_20,Zn,NA,NA,NA,NA,NA
48,00,2,1,root,6.90E-04,0.9,SKT_21,Zn,0.020094985,0.02,0.013126216,126.823343,0.087508107
49,00,2,2,shoot,0.03089,0.7,SKT_22,Zn,0.221958924,0.222,0.214990155,59.65596494,1.842772757
50,00,2,2,shoot,0.0157,0.7,SKT_23,Zn,0.134088147,0.134,0.127119378,69.4009343,1.089594669
51,00,2,2,root,0.00293,0.7,SKT_24,Zn,0.343346133,0.343,0.336377364,984.0390951,2.883234549
52,00,2,3,shoot,0.05331,0.7,SKT_25,Zn,0.211151752,0.211,0.204182983,32.82948517,1.750139854
53,00,2,3,shoot,0.01395,0.7,SKT_26,Zn,0.151766192,0.152,0.144797423,88.96923072,1.241120769
54,00,2,3,root,0.0067,0.7,SKT_27,Zn,0.236910126,0.237,0.229941357,294.1680473,1.970925917
1,10,0,1,shoot,0.10951,0.4,SKT_01,Cd,0.006914733,0.007,0.003384727,0.463618893,0.050770905
2,10,0,1,shoot,0.026,0.5,SKT_02,Cd,0.00611559,0.006,0.002585584,1.193346462,0.031027008
3,10,0,1,root,0.0029,0.7,SKT_03,Cd,0.005947642,0.006,0.002417636,7.145722167,0.020722594
4,10,0,2,shoot,0.04946,0.5,SKT_04,Cd,0,0,0,0,0
5,10,0,2,shoot,0.01384,0.7,SKT_05,Cd,0.005612998,0.006,0.002082992,1.290044591,0.017854217
6,10,0,2,root,8.70E-04,0.7,SKT_06,Cd,0.005334704,0.005,0.001804698,17.78027586,0.01546884
7,10,0,3,shoot,0.06652,0.4,SKT_07,Cd,0.005535709,0.006,0.002005703,0.452278187,0.030085545
8,10,0,3,shoot,0.04741,0.5,SKT_08,Cd,0.00551147,0.006,0.001981464,0.501530648,0.023777568
9,10,0,3,root,0.00169,0.7,SKT_09,Cd,0.00458236,0.005,0.001052354,5.337382925,0.009020177
10,10,1,1,shoot,0.06685,0.4,SKT_10,Cd,0.005554372,0.006,0.002024366,0.454233209,0.03036549
11,10,1,1,shoot,0.0075,0.7,SKT_11,Cd,0.006382888,0.006,0.002852882,3.260436571,0.024453274
12,10,1,1,root,0.00146,0.7,SKT_12,Cd,0.005083094,0.005,0.001553088,9.117933464,0.013312183
13,10,1,2,shoot,0.01357,0.7,SKT_13,Cd,0.005328441,0.005,0.001798435,1.13597326,0.015415157
14,10,1,2,shoot,0.00244,0.7,SKT_14,Cd,0.004367492,0.004,8.37E-04,2.94198829,0.007178451
15,10,1,2,root,8.60E-04,0.7,SKT_15,Cd,0.00409965,0.004,5.70E-04,5.67751495,0.004882663
16,10,1,3,shoot,0.03447,0.5,SKT_16,Cd,0.004607017,0.005,0.001077011,0.374938555,0.012924132
17,10,1,3,shoot,0.01089,0.7,SKT_17,Cd,0.00443448,0.004,9.04E-04,0.711903975,0.007752634
18,10,1,3,root,0.0102,0.7,SKT_18,Cd,0,0,0,0,0
19,10,2,1,shoot,0.03178,0.5,SKT_19,Cd,0,0,0,0,0
20,10,2,1,shoot,0.00796,0.7,SKT_20,Cd,0.005584718,0.006,0.002054712,2.212539842,0.017611817
21,10,2,1,root,0.00145,0.7,SKT_21,Cd,0.005037513,0.005,0.001507507,8.911371429,0.012921489
22,10,2,2,shoot,0.01486,0.7,SKT_22,Cd,0,0,0,0,0
23,10,2,2,shoot,0.00285,0.7,SKT_23,Cd,0.002398255,0.002,0,0,0
24,10,2,2,root,0.00329,0.7,SKT_24,Cd,0.004840934,0.005,0.001310928,3.41535736,0.011236526
25,10,2,3,shoot,0.03215,0.5,SKT_25,Cd,0.003852071,0.004,3.22E-04,0.120210886,0.00386478
26,10,2,3,shoot,0.0097,0.7,SKT_26,Cd,0.005054315,0.005,0.001524309,1.346959352,0.013065506
27,10,2,3,root,0.0043,0.7,SKT_27,Cd,0.003550979,0.004,2.10E-05,0.041806645,1.80E-04
1,10,0,1,shoot,0.10951,0.4,SKT_01,Na,4.588776377,4.589,4.403314431,603.1386765,66.04971647
2,10,0,1,shoot,0.026,0.5,SKT_02,Na,1.132056547,1.132,0.946594601,436.8898158,11.35913521
3,10,0,1,root,0.0029,0.7,SKT_03,Na,1.179705789,1.18,0.994243843,2938.651753,8.522090083
4,10,0,2,shoot,0.04946,0.5,SKT_04,Na,3.771481705,3.771,3.586019759,870.041187,43.03223711
5,10,0,2,shoot,0.01384,0.7,SKT_05,Na,0.956094336,0.956,0.77063239,477.2702663,6.605420486
6,10,0,2,root,8.70E-04,0.7,SKT_06,Na,0.45180555,0.452,0.266343604,2624.074916,2.282945177
7,10,0,3,shoot,0.06652,0.4,SKT_07,Na,3.557089922,3.557,3.371627976,760.2889302,50.57441964
8,10,0,3,shoot,0.04741,0.5,SKT_08,Na,3.238580854,3.239,3.053118908,772.7784623,36.6374269
9,10,0,3,root,0.00169,0.7,SKT_09,Na,0.764099893,0.764,0.578637947,2934.765581,4.959753831
10,10,1,1,shoot,0.06685,0.4,SKT_10,Na,13.26297509,13.26,13.07751314,2934.370937,196.1626972
11,10,1,1,shoot,0.0075,0.7,SKT_11,Na,5.23916047,5.239,5.053698524,5775.655456,43.31741592
12,10,1,1,root,0.00146,0.7,SKT_12,Na,1.262332758,1.262,1.076870812,6322.13784,9.230321246
13,10,1,2,shoot,0.01357,0.7,SKT_13,Na,0.596761556,0.597,0.41129961,259.7955216,3.525425229
14,10,1,2,shoot,0.00244,0.7,SKT_14,Na,0.241878751,0.242,0.056416805,198.1854977,0.483572614
15,10,1,2,root,8.60E-04,0.7,SKT_15,Na,0.558571153,0.559,0.373109207,3718.696415,3.198078917
16,10,1,3,shoot,0.03447,0.5,SKT_16,Na,11.90311001,11.9,11.71764806,4079.250849,140.6117768
17,10,1,3,shoot,0.01089,0.7,SKT_17,Na,13.33419635,13.33,13.1487344,10349.25966,112.7034377
18,10,1,3,root,0.0102,0.7,SKT_18,Na,8.749809205,8.75,8.564347259,7196.93047,73.40869079
19,10,2,1,shoot,0.03178,0.5,SKT_19,Na,9.185194819,9.185,8.999732873,3398.262885,107.9967945
20,10,2,1,shoot,0.00796,0.7,SKT_20,Na,13.6471541,13.65,13.46169215,14495.72019,115.3859327
21,10,2,1,root,0.00145,0.7,SKT_21,Na,0.959356943,0.959,0.773894997,4574.748751,6.633385689
22,10,2,2,shoot,0.01486,0.7,SKT_22,Na,0.735566293,0.736,0.550104347,317.3068719,4.715180117
23,10,2,2,shoot,0.00285,0.7,SKT_23,Na,0.291919183,0.292,0.106457237,320.1721414,0.912490603
24,10,2,2,root,0.00329,0.7,SKT_24,Na,0.669321409,0.669,0.483859463,1260.597819,4.147366826
25,10,2,3,shoot,0.03215,0.5,SKT_25,Na,16.52363695,16.52,16.338175,6098.230173,196.0581
26,10,2,3,shoot,0.0097,0.7,SKT_26,Na,16.0369206,16.04,15.85145865,14007.17996,135.8696456
27,10,2,3,root,0.0043,0.7,SKT_27,Na,3.421472877,3.421,3.236010931,6450.520128,27.73723655
1,10,0,1,shoot,0.10951,0.4,SKT_01,K,87.61030516,87.61,87.51737935,11987.58735,1312.76069
2,10,0,1,shoot,0.026,0.5,SKT_02,K,67.35581419,67.36,67.26288838,31044.41002,807.1546606
3,10,0,1,root,0.0029,0.7,SKT_03,K,4.983286623,4.983,4.890360815,14454.26842,41.91737841
4,10,0,2,shoot,0.04946,0.5,SKT_04,K,66.60089481,66.6,66.507969,16136.18334,798.095628
5,10,0,2,shoot,0.01384,0.7,SKT_05,K,27.23112127,27.23,27.13819546,16807.3052,232.613104
6,10,0,2,root,8.70E-04,0.7,SKT_06,K,0.277616309,0.278,0.184690501,1819.610847,1.583061437
7,10,0,3,shoot,0.06652,0.4,SKT_07,K,87.46629724,87.47,87.37337143,19702.35375,1310.600571
8,10,0,3,shoot,0.04741,0.5,SKT_08,K,119.4850541,119.5,119.3921283,30219.47985,1432.70554
9,10,0,3,root,0.00169,0.7,SKT_09,K,2.796949661,2.797,2.704023853,13714.40669,23.17734731
10,10,1,1,shoot,0.06685,0.4,SKT_10,K,75.21366645,75.21,75.12074064,16855.81316,1126.81111
11,10,1,1,shoot,0.0075,0.7,SKT_11,K,18.7694513,18.77,18.67652549,21344.60056,160.0845042
12,10,1,1,root,0.00146,0.7,SKT_12,K,1.65768861,1.658,1.564762802,9186.474376,13.41225259
13,10,1,2,shoot,0.01357,0.7,SKT_13,K,14.46999875,14.47,14.37707294,9081.212512,123.2320538
14,10,1,2,shoot,0.00244,0.7,SKT_14,K,2.962221107,2.962,2.869295299,10079.49168,24.59395971
15,10,1,2,root,8.60E-04,0.7,SKT_15,K,0.279112333,0.279,0.186186525,1855.679651,1.5958845
16,10,1,3,shoot,0.03447,0.5,SKT_16,K,78.21248987,78.21,78.11956406,27195.67069,937.4347687
17,10,1,3,shoot,0.01089,0.7,SKT_17,K,32.06982974,32.07,31.97690393,25168.75555,274.087748
18,10,1,3,root,0.0102,0.7,SKT_18,K,4.035383729,4.035,3.942457921,3312.98985,33.79249647
19,10,2,1,shoot,0.03178,0.5,SKT_19,K,47.06255836,47.06,46.96963255,17735.54407,563.6355906
20,10,2,1,shoot,0.00796,0.7,SKT_20,K,25.573736,25.57,25.48081019,27438.05835,218.4069445
21,10,2,1,root,0.00145,0.7,SKT_21,K,0.665214047,0.665,0.572288239,3382.984664,4.905327763
22,10,2,2,shoot,0.01486,0.7,SKT_22,K,19.22581172,19.23,19.13288591,11036.08109,163.996165
23,10,2,2,shoot,0.00285,0.7,SKT_23,K,4.551212673,4.551,4.458286865,13408.38155,38.21388741
24,10,2,2,root,0.00329,0.7,SKT_24,K,0.74272545,0.743,0.649799642,1692.921343,5.569711217
25,10,2,3,shoot,0.03215,0.5,SKT_25,K,72.83250429,72.83,72.73957848,27150.07595,872.8749418
26,10,2,3,shoot,0.0097,0.7,SKT_26,K,30.71442691,30.71,30.6215011,27058.76386,262.4700094
27,10,2,3,root,0.0043,0.7,SKT_27,K,1.286258954,1.286,1.193333146,2378.737168,10.22856982
1,10,0,1,shoot,0.10951,0.4,SKT_01,Fe,0.197924103,0.198,0.170874151,23.40528048,2.563112265
2,10,0,1,shoot,0.026,0.5,SKT_02,Fe,0.094855086,0.095,0.067805134,31.29467723,0.813661608
3,10,0,1,root,0.0029,0.7,SKT_03,Fe,2.048383736,2.048,2.021333784,5974.385568,17.32571815
4,10,0,2,shoot,0.04946,0.5,SKT_04,Fe,0.103601682,0.104,0.07655173,18.57300364,0.91862076
5,10,0,2,shoot,0.01384,0.7,SKT_05,Fe,0.062187006,0.062,0.035137054,21.76118126,0.301174749
6,10,0,2,root,8.70E-04,0.7,SKT_06,Fe,1.103418605,1.103,1.076368653,10604.61727,9.226017026
7,10,0,3,shoot,0.06652,0.4,SKT_07,Fe,0.112276163,0.112,0.085226211,19.21817747,1.278393165
8,10,0,3,shoot,0.04741,0.5,SKT_08,Fe,0.12384937,0.124,0.096799418,24.50101278,1.161593016
9,10,0,3,root,0.00169,0.7,SKT_09,Fe,1.323411354,1.323,1.296361402,6574.952166,11.11166916
10,10,1,1,shoot,0.06685,0.4,SKT_10,Fe,0.098948901,0.099,0.071898949,16.13289806,1.078484235
11,10,1,1,shoot,0.0075,0.7,SKT_11,Fe,0.05712658,0.057,0.030076628,34.37328914,0.257799669
12,10,1,1,root,0.00146,0.7,SKT_12,Fe,1.307073742,1.307,1.28002379,7514.816771,10.97163249
13,10,1,2,shoot,0.01357,0.7,SKT_13,Fe,0.062631413,0.063,0.035581461,22.47486746,0.304983951
14,10,1,2,shoot,0.00244,0.7,SKT_14,Fe,0.037249279,0.037,0.010199327,35.82901756,0.087422803
15,10,1,2,root,8.60E-04,0.7,SKT_15,Fe,1.813194486,1.813,1.786144534,17802.10499,15.30981029
16,10,1,3,shoot,0.03447,0.5,SKT_16,Fe,0.100243544,0.1,0.073193592,25.48079791,0.878323104
17,10,1,3,shoot,0.01089,0.7,SKT_17,Fe,0.107704707,0.108,0.080654755,63.48268792,0.691326471
18,10,1,3,root,0.0102,0.7,SKT_18,Fe,13.74116224,13.74,13.71411229,11524.46411,117.5495339
19,10,2,1,shoot,0.03178,0.5,SKT_19,Fe,0.081497696,0.081,0.054447744,20.55924884,0.653372928
20,10,2,1,shoot,0.00796,0.7,SKT_20,Fe,0.058187901,0.058,0.031137949,33.5297369,0.266896706
21,10,2,1,root,0.00145,0.7,SKT_21,Fe,0.902816001,0.903,0.875766049,5176.942162,7.506566134
22,10,2,2,shoot,0.01486,0.7,SKT_22,Fe,0.057550642,0.058,0.03050069,17.59316862,0.261434486
23,10,2,2,shoot,0.00285,0.7,SKT_23,Fe,0.051913398,0.052,0.024863446,74.7772812,0.213115251
24,10,2,2,root,0.00329,0.7,SKT_24,Fe,1.51474325,1.515,1.487693298,3875.883538,12.75165684
25,10,2,3,shoot,0.03215,0.5,SKT_25,Fe,0.113021721,0.113,0.085971769,32.08899621,1.031661228
26,10,2,3,shoot,0.0097,0.7,SKT_26,Fe,0.080485604,0.08,0.053435652,47.21854374,0.458019874
27,10,2,3,root,0.0043,0.7,SKT_27,Fe,3.574119027,3.574,3.547069075,7070.569585,30.40344921
1,10,0,1,shoot,0.10951,0.4,SKT_01,Zn,0.297609267,0.298,0.290462576,39.78576057,4.35693864
2,10,0,1,shoot,0.026,0.5,SKT_02,Zn,0.200093789,0.2,0.192947098,89.05250677,2.315365176
3,10,0,1,root,0.0029,0.7,SKT_03,Zn,0.136130906,0.136,0.128984215,381.234133,1.105578986
4,10,0,2,shoot,0.04946,0.5,SKT_04,Zn,0.138089845,0.138,0.130943154,31.76946721,1.571317848
5,10,0,2,shoot,0.01384,0.7,SKT_05,Zn,0.112295583,0.112,0.105148892,65.12111396,0.901276217
6,10,0,2,root,8.70E-04,0.7,SKT_06,Zn,0.04412155,0.044,0.036974859,364.2843251,0.316927363
7,10,0,3,shoot,0.06652,0.4,SKT_07,Zn,0.724667963,0.725,0.717521272,161.7982423,10.76281908
8,10,0,3,shoot,0.04741,0.5,SKT_08,Zn,0.280237571,0.28,0.27309088,69.12234887,3.27709056
9,10,0,3,root,0.00169,0.7,SKT_09,Zn,0.068471232,0.068,0.061324541,311.0289484,0.525638923
10,10,1,1,shoot,0.06685,0.4,SKT_10,Zn,0.383007737,0.383,0.375861046,84.33680912,5.63791569
11,10,1,1,shoot,0.0075,0.7,SKT_11,Zn,0.068648636,0.069,0.061501945,70.28793714,0.527159529
12,10,1,1,root,0.00146,0.7,SKT_12,Zn,0.080512551,0.081,0.07336586,430.7193346,0.628850229
13,10,1,2,shoot,0.01357,0.7,SKT_13,Zn,0.083206109,0.083,0.076059418,48.04258427,0.651937869
14,10,1,2,shoot,0.00244,0.7,SKT_14,Zn,0.022515297,0.023,0.015368606,53.98807728,0.131730909
15,10,1,2,root,8.60E-04,0.7,SKT_15,Zn,0.03368383,0.034,0.026537139,264.4897575,0.227461191
16,10,1,3,shoot,0.03447,0.5,SKT_16,Zn,0.242391536,0.242,0.235244845,81.8955074,2.82293814
17,10,1,3,shoot,0.01089,0.7,SKT_17,Zn,0.096175068,0.096,0.089028377,70.07349626,0.763100374
18,10,1,3,root,0.0102,0.7,SKT_18,Zn,0.606311025,0.606,0.599164334,503.4994403,5.135694291
19,10,2,1,shoot,0.03178,0.5,SKT_19,Zn,0.15827765,0.158,0.151130959,57.06644141,1.813571508
20,10,2,1,shoot,0.00796,0.7,SKT_20,Zn,0.076230307,0.076,0.069083616,74.39011055,0.59214528
21,10,2,1,root,0.00145,0.7,SKT_21,Zn,0.094165964,0.094,0.087019273,514.3996433,0.745879483
22,10,2,2,shoot,0.01486,0.7,SKT_22,Zn,0.071430113,0.071,0.064283422,37.07945895,0.55100076
23,10,2,2,shoot,0.00285,0.7,SKT_23,Zn,0.041800083,0.042,0.034653392,104.2207278,0.297029074
24,10,2,2,root,0.00329,0.7,SKT_24,Zn,0.030472751,0.03,0.02332606,60.77132436,0.199937657
25,10,2,3,shoot,0.03215,0.5,SKT_25,Zn,0.233223797,0.233,0.226077106,84.38336771,2.712925272
26,10,2,3,shoot,0.0097,0.7,SKT_26,Zn,0.097068791,0.097,0.0899221,79.45988218,0.770760857
27,10,2,3,root,0.0043,0.7,SKT_27,Zn,0.122790783,0.123,0.115644092,230.5197847,0.991235074