Cap,SaltCadmium,Timepoint,Plant,TissueType,DryWeight,VolDigestUsed,Sample,Element,ConcSamp,ConcRep,CorConc,ugElementPermgDW,ugElement
28,00,0,1,shoot,0.00567,0.7,SKT_01,Cd,0.007017606,0.007,0.002572239,3.888494331,0.022047763
29,00,0,1,shoot,0.0034,0.7,SKT_02,Cd,0.006955939,0.007,0.002510572,6.329173109,0.021519189
30,00,0,1,root,4.40E-04,0.9,SKT_03,Cd,0.006087878,0.006,0.001642511,24.8865303,0.010950073
31,00,0,2,shoot,0.02381,0.7,SKT_04,Cd,0.006578702,0.007,0.002133335,0.76798524,0.018285729
32,00,0,2,shoot,0.00592,0.7,SKT_05,Cd,8.61E-04,0.001,0,0,0
33,00,0,2,root,6.60E-04,0.9,SKT_06,Cd,0,0,0,0,0
34,00,0,3,shoot,0.04599,0.7,SKT_07,Cd,0.006337639,0.006,0.001892272,0.352673935,0.016219474
35,00,0,3,shoot,0.01297,0.7,SKT_08,Cd,0.005308046,0.005,8.63E-04,0.570114991,0.007394391
36,00,0,3,root,0.00181,0.7,SKT_09,Cd,0.006270254,0.006,0.001824887,8.641927388,0.015641889
37,00,1,1,shoot,0.0067,0.7,SKT_10,Cd,0.006218319,0.006,0.001772952,2.26816887,0.015196731
38,00,1,1,shoot,0.00494,0.7,SKT_11,Cd,0.004898394,0.005,4.53E-04,0.786050318,0.003883089
39,00,1,1,root,4.50E-04,0.9,SKT_12,Cd,0.006316509,0.006,0.001871142,27.72062222,0.01247428
40,00,1,2,shoot,0.02266,0.7,SKT_13,Cd,0.005711163,0.006,0.001265796,0.478803177,0.01084968
41,00,1,2,shoot,0.0201,0.7,SKT_14,Cd,0.005744536,0.006,0.001299169,0.554016631,0.011135734
42,00,1,2,root,0.00206,0.7,SKT_15,Cd,0.00483294,0.005,3.88E-04,1.612647712,0.003322054
43,00,1,3,shoot,0.05449,0.7,SKT_16,Cd,0.004222068,0.004,0,0,0
44,00,1,3,shoot,0.03535,0.7,SKT_17,Cd,0.006242899,0.006,0.001797532,0.435853385,0.015407417
45,00,1,3,root,0.00493,0.7,SKT_18,Cd,0,0,0,0,0
46,00,2,1,shoot,0.00734,0.7,SKT_19,Cd,0.006680086,0.007,0.002234719,2.609636824,0.019154734
47,00,2,1,shoot,0.00558,0.7,SKT_20,Cd,NA,NA,NA,NA,NA
48,00,2,1,root,6.90E-04,0.9,SKT_21,Cd,0.005609245,0.006,0.001163878,11.24519807,0.007759187
49,00,2,2,shoot,0.03089,0.7,SKT_22,Cd,0.005740457,0.006,0.00129509,0.359364566,0.011100771
50,00,2,2,shoot,0.0157,0.7,SKT_23,Cd,0.004626649,0.005,1.81E-04,0.098971065,0.001553846
51,00,2,2,root,0.00293,0.7,SKT_24,Cd,0.005108282,0.005,6.63E-04,1.939293028,0.005682129
52,00,2,3,shoot,0.05331,0.7,SKT_25,Cd,0.005070288,0.005,6.25E-04,0.100477691,0.005356466
53,00,2,3,shoot,0.01395,0.7,SKT_26,Cd,0.004426483,0.004,0,0,0
54,00,2,3,root,0.0067,0.7,SKT_27,Cd,0.005589393,0.006,0.001144026,1.463572708,0.009805937
82,11,0,1,shoot,0.02167,0.7,SKT_28,Cd,0.004871271,0.005,4.26E-04,0.168463577,0.003650606
83,11,0,1,shoot,0.00766,0.7,SKT_29,Cd,0.005593689,0.006,0.001148322,1.284955614,0.00984276
84,11,0,1,root,0.00413,0.7,SKT_30,Cd,0.01153642,0.012,0.007091053,14.71681702,0.060780454
85,11,0,2,shoot,0.08326,0.7,SKT_31,Cd,0.005529956,0.006,0.001084589,0.111655983,0.009296477
86,11,0,2,shoot,0.02175,0.7,SKT_32,Cd,0.00505236,0.005,6.07E-04,0.239209064,0.005202797
87,11,0,2,root,0.00262,0.7,SKT_33,Cd,0.009072841,0.009,0.004627474,15.13895529,0.039664063
88,11,0,3,shoot,0.01696,0.7,SKT_34,Cd,0.005463773,0.005,0.001018406,0.514693059,0.008729194
89,11,0,3,shoot,0.02156,0.7,SKT_35,Cd,0.004604436,0.005,1.59E-04,0.06323973,0.001363449
90,11,0,3,root,0.00338,0.7,SKT_36,Cd,0.013420966,0.013,0.008975599,22.76145139,0.076933706
91,11,1,1,shoot,0.02091,0.7,SKT_37,Cd,0.009507669,0.01,0.005062302,2.075139168,0.04339116
92,11,1,1,shoot,0.00779,0.7,SKT_38,Cd,0.007524127,0.008,0.00307876,3.387595819,0.026389371
93,11,1,1,root,0.0019,0.7,SKT_39,Cd,0.01033172,0.01,0.005886353,26.55497594,0.050454454
94,11,1,2,shoot,0.08039,0.7,SKT_40,Cd,0.007875554,0.008,0.003430187,0.365737068,0.029401603
95,11,1,2,shoot,0.02439,0.7,SKT_41,Cd,0.006790051,0.007,0.002344684,0.823997189,0.020097291
96,11,1,2,root,8.60E-04,0.9,SKT_42,Cd,0.022164368,0.022,0.017719001,137.3565969,0.118126673
97,11,1,3,shoot,0.02143,0.7,SKT_43,Cd,0.00550368,0.006,0.001058313,0.42329698,0.009071254
98,11,1,3,shoot,0.01283,0.7,SKT_44,Cd,0.004174916,0.004,0,0,0
99,11,1,3,root,0.00403,0.7,SKT_45,Cd,0.016842301,0.017,0.012396934,26.36710528,0.106259434
100,11,2,1,shoot,0.01067,0.7,SKT_46,Cd,0.01762088,0.018,0.013175513,10.58415825,0.112932969
101,11,2,1,shoot,0.0064,0.7,SKT_47,Cd,0.014558885,0.015,0.010113518,13.54489018,0.086687297
102,11,2,1,root,0.00558,0.7,SKT_48,Cd,0.072988592,0.073,0.068543225,105.2891321,0.587513357
103,11,2,2,shoot,0.08275,0.7,SKT_49,Cd,0.007321494,0.007,0.002876127,0.297915615,0.024652517
104,11,2,2,shoot,0.02628,0.7,SKT_50,Cd,0.006536758,0.007,0.002091391,0.682123614,0.017926209
105,11,2,2,root,0.01388,0.7,SKT_51,Cd,0.703041569,0.703,0.698596202,431.4097583,5.987967446
106,11,2,3,shoot,0.02069,0.7,SKT_52,Cd,0.001247143,0.001,0,0,0
107,11,2,3,shoot,0.01375,0.7,SKT_53,Cd,0.006803966,0.007,0.002358599,1.470295481,0.020216563
108,11,2,3,root,0.00681,0.7,SKT_54,Cd,0.023100468,0.023,0.018655101,23.48030334,0.159900866
28,00,0,1,shoot,0.00567,0.7,SKT_01,Na,0.232370428,0.232,0,0,0
29,00,0,1,shoot,0.0034,0.7,SKT_02,Na,0.227859393,0.228,0,0,0
30,00,0,1,root,4.40E-04,0.9,SKT_03,Na,0.279103879,0.279,0,0,0
31,00,0,2,shoot,0.02381,0.7,SKT_04,Na,1.968999667,1.969,1.606029293,578.1589823,13.76596537
32,00,0,2,shoot,0.00592,0.7,SKT_05,Na,0.430906712,0.431,0.067936338,98.36342375,0.582311469
33,00,0,2,root,6.60E-04,0.9,SKT_06,Na,0.464336331,0.464,0.101365957,1023.898556,0.675773047
34,00,0,3,shoot,0.04599,0.7,SKT_07,Na,2.616565822,2.617,2.253595448,420.0159254,19.31653241
35,00,0,3,shoot,0.01297,0.7,SKT_08,Na,0.626883913,0.627,0.263913539,174.4114147,2.262116049
36,00,0,3,root,0.00181,0.7,SKT_09,Na,0.718587064,0.719,0.35561669,1684.056938,3.048143057
37,00,1,1,shoot,0.0067,0.7,SKT_10,Na,0.227759537,0.228,0,0,0
38,00,1,1,shoot,0.00494,0.7,SKT_11,Na,0.251450512,0.251,0,0,0
39,00,1,1,root,4.50E-04,0.9,SKT_12,Na,0.487308012,0.487,0.124337638,1842.039081,0.828917587
40,00,1,2,shoot,0.02266,0.7,SKT_13,Na,1.001714336,1.002,0.638743962,241.612897,5.474948246
41,00,1,2,shoot,0.0201,0.7,SKT_14,Na,0.973078148,0.973,0.610107774,260.1738908,5.229495206
42,00,1,2,root,0.00206,0.7,SKT_15,Na,0.909096004,0.909,0.54612563,2272.367393,4.681076829
43,00,1,3,shoot,0.05449,0.7,SKT_16,Na,3.834934292,3.835,3.471963918,546.149582,29.75969073
44,00,1,3,shoot,0.03535,0.7,SKT_17,Na,1.947944119,1.948,1.584973745,384.3136985,13.58548924
45,00,1,3,root,0.00493,0.7,SKT_18,Na,2.32391997,2.324,1.960949596,3409.358904,16.80813939
46,00,2,1,shoot,0.00734,0.7,SKT_19,Na,0.312555098,0.313,0,0,0
47,00,2,1,shoot,0.00558,0.7,SKT_20,Na,NA,NA,NA,NA,NA
48,00,2,1,root,6.90E-04,0.9,SKT_21,Na,0.341303755,0.341,0,0,0
49,00,2,2,shoot,0.03089,0.7,SKT_22,Na,1.011704234,1.012,0.64873386,180.0121704,5.560575943
50,00,2,2,shoot,0.0157,0.7,SKT_23,Na,0.801321637,0.801,0.438351263,239.318251,3.75729654
51,00,2,2,root,0.00293,0.7,SKT_24,Na,0.747384013,0.747,0.384413639,1124.564522,3.294974049
52,00,2,3,shoot,0.05331,0.7,SKT_25,Na,4.154489362,4.154,3.791518988,609.6179738,32.49873418
53,00,2,3,shoot,0.01395,0.7,SKT_26,Na,0.730368163,0.73,0.367397789,225.7436492,3.149123906
54,00,2,3,root,0.0067,0.7,SKT_27,Na,1.444870853,1.445,1.081900479,1384.094429,9.273432677
82,11,0,1,shoot,0.02167,0.7,SKT_28,Na,1.61303941,1.613,1.250069036,494.4567352,10.71487745
83,11,0,1,shoot,0.00766,0.7,SKT_29,Na,0.495536287,0.496,0.132565913,148.3393282,1.136279254
84,11,0,1,root,0.00413,0.7,SKT_30,Na,2.274776827,2.275,1.911806453,3967.775413,16.38691245
85,11,0,2,shoot,0.08326,0.7,SKT_31,Na,5.228278792,5.228,4.865308418,500.8724908,41.70264358
86,11,0,2,shoot,0.02175,0.7,SKT_32,Na,1.158044737,1.158,0.795074363,313.3297982,6.814923111
87,11,0,2,root,0.00262,0.7,SKT_33,Na,1.421345259,1.421,1.058374885,3462.513255,9.071784729
88,11,0,3,shoot,0.01696,0.7,SKT_34,Na,1.163728551,1.164,0.800758177,404.6958442,6.863641517
89,11,0,3,shoot,0.02156,0.7,SKT_35,Na,0.615133044,0.615,0.25216267,100.2502001,2.161394314
90,11,0,3,root,0.00338,0.7,SKT_36,Na,1.787859262,1.788,1.424888888,3613.412227,12.21333333
91,11,1,1,shoot,0.02091,0.7,SKT_37,Na,25.20815017,25.21,24.8451798,10184.53773,212.958684
92,11,1,1,shoot,0.00779,0.7,SKT_38,Na,9.230455333,9.23,8.867484959,9756.997938,76.00701393
93,11,1,1,root,0.0019,0.7,SKT_39,Na,1.336243817,1.336,0.973273443,4390.707262,8.342343797
94,11,1,2,shoot,0.08039,0.7,SKT_40,Na,6.134839295,6.135,5.771868921,615.4143821,49.47316218
95,11,1,2,shoot,0.02439,0.7,SKT_41,Na,1.025494783,1.025,0.662524409,232.8323349,5.678780649
96,11,1,2,root,8.60E-04,0.9,SKT_42,Na,1.165900764,1.166,0.80293039,6224.266589,5.352869267
97,11,1,3,shoot,0.02143,0.7,SKT_43,Na,1.279403837,1.279,0.916433463,366.5489486,7.855143969
98,11,1,3,shoot,0.01283,0.7,SKT_44,Na,0.458204772,0.458,0.095234398,63.62391582,0.81629484
99,11,1,3,root,0.00403,0.7,SKT_45,Na,2.577744981,2.578,2.214774607,4710.615967,18.98378235
100,11,2,1,shoot,0.01067,0.7,SKT_46,Na,12.05880905,12.06,11.69583868,9395.505698,100.2500458
101,11,2,1,shoot,0.0064,0.7,SKT_47,Na,22.87231723,22.87,22.50934686,30146.44668,192.9372588
102,11,2,1,root,0.00558,0.7,SKT_48,Na,3.930866239,3.931,3.567895865,5480.63881,30.58196456
103,11,2,2,shoot,0.08275,0.7,SKT_49,Na,7.528781824,7.529,7.16581145,742.2506465,61.421241
104,11,2,2,shoot,0.02628,0.7,SKT_50,Na,1.332935159,1.333,0.969964785,316.3616389,8.313983871
105,11,2,2,root,0.01388,0.7,SKT_51,Na,13.37172193,13.37,13.00875156,8033.399479,111.5035848
106,11,2,3,shoot,0.02069,0.7,SKT_52,Na,1.185362028,1.185,0.822391654,340.6994355,7.04907132
107,11,2,3,shoot,0.01375,0.7,SKT_53,Na,0.637177394,0.637,0.27420702,170.9342462,2.350345886
108,11,2,3,root,0.00681,0.7,SKT_54,Na,4.295799128,4.296,3.932828754,4950.067658,33.70996075
28,00,0,1,shoot,0.00567,0.7,SKT_01,K,0.533033335,0.533,0.48556188,734.0315646,4.161958971
29,00,0,1,shoot,0.0034,0.7,SKT_02,K,1.694468047,1.694,1.646996592,4152.092249,14.11711365
30,00,0,1,root,4.40E-04,0.9,SKT_03,K,0.216571191,0.217,0.169099736,2562.117212,1.127331573
31,00,0,2,shoot,0.02381,0.7,SKT_04,K,44.14494263,44.14,44.09747118,15874.77213,377.9783244
32,00,0,2,shoot,0.00592,0.7,SKT_05,K,12.04193466,12.04,11.99446321,17366.50078,102.8096846
33,00,0,2,root,6.60E-04,0.9,SKT_06,K,0.600823751,0.601,0.553352296,5589.417131,3.689015307
34,00,0,3,shoot,0.04599,0.7,SKT_07,K,116.2805266,116.3,116.2330551,21663.04261,996.2833298
35,00,0,3,shoot,0.01297,0.7,SKT_08,K,27.0628358,27.06,27.01536435,17853.52859,231.5602658
36,00,0,3,root,0.00181,0.7,SKT_09,K,1.804747111,1.805,1.757275656,8321.747384,15.06236277
37,00,1,1,shoot,0.0067,0.7,SKT_10,K,0.617271972,0.617,0.569800517,728.9558853,4.884004431
38,00,1,1,shoot,0.00494,0.7,SKT_11,K,2.238854865,2.239,2.19138341,3802.284691,18.78328637
39,00,1,1,root,4.50E-04,0.9,SKT_12,K,0.90575131,0.906,0.858279855,12715.25711,5.7218657
40,00,1,2,shoot,0.02266,0.7,SKT_13,K,17.60369417,17.6,17.55622272,6640.860944,150.481909
41,00,1,2,shoot,0.0201,0.7,SKT_14,K,39.45252466,39.45,39.40505321,16803.86064,337.7575989
42,00,1,2,root,0.00206,0.7,SKT_15,K,2.332282559,2.332,2.284811104,9506.842319,19.58409518
43,00,1,3,shoot,0.05449,0.7,SKT_16,K,74.14966053,74.15,74.10218908,11656.48047,635.1616206
44,00,1,3,shoot,0.03535,0.7,SKT_17,K,79.40295219,79.4,79.35548074,19241.57949,680.1898349
45,00,1,3,root,0.00493,0.7,SKT_18,K,4.352293672,4.352,4.304822217,7484.47792,36.89847615
46,00,2,1,shoot,0.00734,0.7,SKT_19,K,6.859314566,6.859,6.811843111,7954.663033,58.38722667
47,00,2,1,shoot,0.00558,0.7,SKT_20,K,NA,NA,NA,NA,NA
48,00,2,1,root,6.90E-04,0.9,SKT_21,K,0.299684729,0.3,0.252213274,2436.843227,1.681421827
49,00,2,2,shoot,0.03089,0.7,SKT_22,K,30.98942627,30.99,30.94195482,8585.845114,265.2167556
50,00,2,2,shoot,0.0157,0.7,SKT_23,K,30.6821845,30.68,30.63471305,16725.04807,262.5832547
51,00,2,2,root,0.00293,0.7,SKT_24,K,2.976986536,2.977,2.929515081,8570.009988,25.11012927
52,00,2,3,shoot,0.05331,0.7,SKT_25,K,112.5078324,112.5,112.4603609,18081.89741,963.945951
53,00,2,3,shoot,0.01395,0.7,SKT_26,K,30.61299849,30.61,30.56552704,18780.66177,261.9902317
54,00,2,3,root,0.0067,0.7,SKT_27,K,3.060386312,3.06,3.012914857,3854.475297,25.82498449
82,11,0,1,shoot,0.02167,0.7,SKT_28,K,61.3587165,61.36,61.31124505,24251.26708,525.5249575
83,11,0,1,shoot,0.00766,0.7,SKT_29,K,19.97947634,19.98,19.93200489,22303.62352,170.8457562
84,11,0,1,root,0.00413,0.7,SKT_30,K,2.045874858,2.046,1.998403403,4147.49928,17.12917203
85,11,0,2,shoot,0.08326,0.7,SKT_31,K,29.91204354,29.91,29.86457209,3074.490109,255.9820464
86,11,0,2,shoot,0.02175,0.7,SKT_32,K,40.12553205,40.13,40.0780606,15794.30959,343.5262337
87,11,0,2,root,0.00262,0.7,SKT_33,K,0.363329625,0.363,0.31585817,1033.341887,2.707355743
88,11,0,3,shoot,0.01696,0.7,SKT_34,K,54.45747417,54.46,54.41000272,27498.31674,466.3714518
89,11,0,3,shoot,0.02156,0.7,SKT_35,K,39.60379047,39.6,39.55631902,15726.07435,339.054163
90,11,0,3,root,0.00338,0.7,SKT_36,K,0.660730373,0.661,0.613258918,1555.178997,5.256505011
91,11,1,1,shoot,0.02091,0.7,SKT_37,K,42.95484613,42.95,42.90737468,17588.59384,367.7774972
92,11,1,1,shoot,0.00779,0.7,SKT_38,K,18.11536522,18.12,18.06789377,19880.3159,154.8676608
93,11,1,1,root,0.0019,0.7,SKT_39,K,0.54754688,0.548,0.500075425,2255.979361,4.286360786
94,11,1,2,shoot,0.08039,0.7,SKT_40,K,77.20033298,77.2,77.15286153,8226.27493,661.3102416
95,11,1,2,shoot,0.02439,0.7,SKT_41,K,36.31522871,36.32,36.26775726,12745.65358,310.8664908
96,11,1,2,root,8.60E-04,0.9,SKT_42,K,0.273986214,0.274,0.226514759,1755.928364,1.510098393
97,11,1,3,shoot,0.02143,0.7,SKT_43,K,59.55135398,59.55,59.50388253,23799.96635,510.0332788
98,11,1,3,shoot,0.01283,0.7,SKT_44,K,21.76060446,21.76,21.71313301,14506.04588,186.1125686
99,11,1,3,root,0.00403,0.7,SKT_45,K,0.393209845,0.393,0.34573839,735.3528323,2.963471914
100,11,2,1,shoot,0.01067,0.7,SKT_46,K,42.48089737,42.48,42.43342592,34087.6363,363.7150793
101,11,2,1,shoot,0.0064,0.7,SKT_47,K,20.91934849,20.92,20.87187704,27953.40674,178.9018032
102,11,2,1,root,0.00558,0.7,SKT_48,K,0.840810104,0.841,0.793338649,1218.646158,6.800045563
103,11,2,2,shoot,0.08275,0.7,SKT_49,K,87.74578687,87.75,87.69831542,9083.986059,751.6998464
104,11,2,2,shoot,0.02628,0.7,SKT_50,K,40.8320166,40.83,40.78454515,13302.19998,349.5818155
105,11,2,2,root,0.01388,0.7,SKT_51,K,2.100492145,2.1,2.05302069,1267.818458,17.5973202
106,11,2,3,shoot,0.02069,0.7,SKT_52,K,52.50185063,52.5,52.45437918,21730.73776,449.6089644
107,11,2,3,shoot,0.01375,0.7,SKT_53,K,24.50101506,24.5,24.45354361,15243.76744,209.6018023
108,11,2,3,root,0.00681,0.7,SKT_54,K,0.542964982,0.543,0.495493527,623.6545337,4.247087374
28,00,0,1,shoot,0.00567,0.7,SKT_01,Fe,0.054628782,0.055,0.033039659,49.94657445,0.283197077
29,00,0,1,shoot,0.0034,0.7,SKT_02,Fe,0.065591387,0.066,0.044002264,110.9300773,0.377162263
30,00,0,1,root,4.40E-04,0.9,SKT_03,Fe,0.148504697,0.149,0.126915574,1922.963242,0.846103827
31,00,0,2,shoot,0.02381,0.7,SKT_04,Fe,0.067134661,0.067,0.045545538,16.39606576,0.390390326
32,00,0,2,shoot,0.00592,0.7,SKT_05,Fe,0.063116395,0.063,0.041527272,60.12635907,0.355948046
33,00,0,2,root,6.60E-04,0.9,SKT_06,Fe,0.657769733,0.658,0.63618061,6426.066768,4.241204067
34,00,0,3,shoot,0.04599,0.7,SKT_07,Fe,0.146591075,0.147,0.125001952,23.29735383,1.071445303
35,00,0,3,shoot,0.01297,0.7,SKT_08,Fe,0.059422237,0.059,0.037833114,25.00260866,0.324283834
36,00,0,3,root,0.00181,0.7,SKT_09,Fe,1.357710281,1.358,1.336121158,6327.329872,11.45246707
37,00,1,1,shoot,0.0067,0.7,SKT_10,Fe,0.055182942,0.055,0.033593819,42.97716716,0.28794702
38,00,1,1,shoot,0.00494,0.7,SKT_11,Fe,0.027077949,0.027,0.005488826,9.523700405,0.04704708
39,00,1,1,root,4.50E-04,0.9,SKT_12,Fe,0.278125616,0.278,0.256536493,3800.540637,1.710243287
40,00,1,2,shoot,0.02266,0.7,SKT_13,Fe,0.075399874,0.075,0.053810751,20.35458996,0.461235009
41,00,1,2,shoot,0.0201,0.7,SKT_14,Fe,0.068902461,0.069,0.047313338,20.17626354,0.405542897
42,00,1,2,root,0.00206,0.7,SKT_15,Fe,0.974981617,0.975,0.953392494,3966.95906,8.171935663
43,00,1,3,shoot,0.05449,0.7,SKT_16,Fe,0.178712712,0.179,0.157123589,24.71597761,1.34677362
44,00,1,3,shoot,0.03535,0.7,SKT_17,Fe,0.137595729,0.138,0.116006606,28.1284961,0.994342337
45,00,1,3,root,0.00493,0.7,SKT_18,Fe,3.417441045,3.417,3.395851922,5904.118091,29.10730219
46,00,2,1,shoot,0.00734,0.7,SKT_19,Fe,0.038832602,0.039,0.017243479,20.13640989,0.147801249
47,00,2,1,shoot,0.00558,0.7,SKT_20,Fe,NA,NA,NA,NA,NA
48,00,2,1,root,6.90E-04,0.9,SKT_21,Fe,0.194413892,0.194,0.172824769,1669.804531,1.152165127
49,00,2,2,shoot,0.03089,0.7,SKT_22,Fe,0.102463205,0.102,0.080874082,22.44112713,0.693206417
50,00,2,2,shoot,0.0157,0.7,SKT_23,Fe,0.060148386,0.06,0.038559263,21.05146297,0.330507969
51,00,2,2,root,0.00293,0.7,SKT_24,Fe,1.071670794,1.072,1.050081671,3071.911275,9.000700037
52,00,2,3,shoot,0.05331,0.7,SKT_25,Fe,0.20136834,0.201,0.179779217,28.90573471,1.540964717
53,00,2,3,shoot,0.01395,0.7,SKT_26,Fe,0.106008803,0.106,0.08441968,51.87077112,0.723597257
54,00,2,3,root,0.0067,0.7,SKT_27,Fe,3.868826774,3.869,3.847237651,4921.839212,32.97632272
82,11,0,1,shoot,0.02167,0.7,SKT_28,Fe,0.149019294,0.149,0.127430171,50.40418129,1.092258609
83,11,0,1,shoot,0.00766,0.7,SKT_29,Fe,0.120386719,0.12,0.098797596,110.5530727,0.846836537
84,11,0,1,root,0.00413,0.7,SKT_30,Fe,3.962669837,3.963,3.941080714,8179.34427,33.78069183
85,11,0,2,shoot,0.08326,0.7,SKT_31,Fe,0.676990616,0.677,0.655401493,67.47210044,5.617727083
86,11,0,2,shoot,0.02175,0.7,SKT_32,Fe,0.29654366,0.297,0.274954537,108.3564678,2.356753174
87,11,0,2,root,0.00262,0.7,SKT_33,Fe,3.973202778,3.973,3.951613655,12927.85274,33.87097419
88,11,0,3,shoot,0.01696,0.7,SKT_34,Fe,0.372504097,0.373,0.350914974,177.3492119,3.007842634
89,11,0,3,shoot,0.02156,0.7,SKT_35,Fe,0.170970438,0.171,0.149381315,59.3882779,1.280411271
90,11,0,3,root,0.00338,0.7,SKT_36,Fe,4.710201461,4.71,4.688612338,11889.97212,40.18810575
91,11,1,1,shoot,0.02091,0.7,SKT_37,Fe,0.166678479,0.167,0.145089356,59.47503833,1.243623051
92,11,1,1,shoot,0.00779,0.7,SKT_38,Fe,0.106299997,0.106,0.084710874,93.20837044,0.726093206
93,11,1,1,root,0.0019,0.7,SKT_39,Fe,2.531774624,2.532,2.510185501,11324.14512,21.51587572
94,11,1,2,shoot,0.08039,0.7,SKT_40,Fe,1.420860646,1.421,1.399271523,149.1946251,11.99375591
95,11,1,2,shoot,0.02439,0.7,SKT_41,Fe,0.232639776,0.233,0.211050653,74.16997118,1.809005597
96,11,1,2,root,8.60E-04,0.9,SKT_42,Fe,3.538791161,3.539,3.517202038,27265.13208,23.44801359
97,11,1,3,shoot,0.02143,0.7,SKT_43,Fe,0.681343172,0.681,0.659754049,263.8840273,5.655034706
98,11,1,3,shoot,0.01283,0.7,SKT_44,Fe,0.093295992,0.093,0.071706869,47.90571362,0.614630306
99,11,1,3,root,0.00403,0.7,SKT_45,Fe,6.193852095,6.194,6.172262972,13127.81915,52.90511119
100,11,2,1,shoot,0.01067,0.7,SKT_46,Fe,0.139762246,0.14,0.118173123,94.93087937,1.012912483
101,11,2,1,shoot,0.0064,0.7,SKT_47,Fe,0.081531523,0.082,0.0599424,80.28,0.513792
102,11,2,1,root,0.00558,0.7,SKT_48,Fe,4.556478243,4.556,4.53488912,6966.035515,38.87047817
103,11,2,2,shoot,0.08275,0.7,SKT_49,Fe,0.840369721,0.84,0.818780598,84.81111071,7.018119411
104,11,2,2,shoot,0.02628,0.7,SKT_50,Fe,0.254059433,0.254,0.23247031,75.82201892,1.992602657
105,11,2,2,root,0.01388,0.7,SKT_51,Fe,5.127359158,5.127,5.105770035,3153.007432,43.76374316
106,11,2,3,shoot,0.02069,0.7,SKT_52,Fe,0.545572862,0.546,0.523983739,217.0753597,4.491289191
107,11,2,3,shoot,0.01375,0.7,SKT_53,Fe,0.154738233,0.155,0.13314911,83.0020426,1.141278086
108,11,2,3,root,0.00681,0.7,SKT_54,Fe,7.355157078,7.355,7.333567955,9230.419075,62.8591539
28,00,0,1,shoot,0.00567,0.7,SKT_01,Zn,0.04180055,0.042,0.034831781,52.65575359,0.298558123
29,00,0,1,shoot,0.0034,0.7,SKT_02,Zn,0.01225612,0.012,0.005287351,13.3294563,0.045320151
30,00,0,1,root,4.40E-04,0.9,SKT_03,Zn,0.028712138,0.029,0.021743369,329.4449848,0.144955793
31,00,0,2,shoot,0.02381,0.7,SKT_04,Zn,0.561377984,0.561,0.554409215,199.5833257,4.752078986
32,00,0,2,shoot,0.00592,0.7,SKT_05,Zn,0.052725938,0.053,0.045757169,66.25072732,0.392204306
33,00,0,2,root,6.60E-04,0.9,SKT_06,Zn,0.05208919,0.052,0.045120421,455.7618283,0.300802807
34,00,0,3,shoot,0.04599,0.7,SKT_07,Zn,0.175775612,0.176,0.168806843,31.46153071,1.446915797
35,00,0,3,shoot,0.01297,0.7,SKT_08,Zn,0.120849231,0.121,0.113880462,75.25969512,0.976118246
36,00,0,3,root,0.00181,0.7,SKT_09,Zn,0.067766654,0.068,0.060797885,287.9142147,0.521124729
37,00,1,1,shoot,0.0067,0.7,SKT_10,Zn,0.05156052,0.052,0.044591751,57.0470162,0.382215009
38,00,1,1,shoot,0.00494,0.7,SKT_11,Zn,0.029705494,0.03,0.022736725,39.45065067,0.194886214
39,00,1,1,root,4.50E-04,0.9,SKT_12,Zn,0.043587518,0.044,0.036618749,542.4999852,0.244124993
40,00,1,2,shoot,0.02266,0.7,SKT_13,Zn,0.309277139,0.309,0.30230837,114.3519241,2.5912146
41,00,1,2,shoot,0.0201,0.7,SKT_14,Zn,0.179559674,0.18,0.172590905,73.59953305,1.479350614
42,00,1,2,root,0.00206,0.7,SKT_15,Zn,0.185150055,0.185,0.178181286,741.3923135,1.527268166
43,00,1,3,shoot,0.05449,0.7,SKT_16,Zn,0.202993433,0.203,0.196024664,30.83522492,1.680211406
44,00,1,3,shoot,0.03535,0.7,SKT_17,Zn,0.239360607,0.239,0.232391838,56.34879887,1.99193004
45,00,1,3,root,0.00493,0.7,SKT_18,Zn,0.132283253,0.132,0.125314484,217.8750808,1.074124149
46,00,2,1,shoot,0.00734,0.7,SKT_19,Zn,0.025155481,0.025,0.018186712,21.23788867,0.155886103
47,00,2,1,shoot,0.00558,0.7,SKT_20,Zn,NA,NA,NA,NA,NA
48,00,2,1,root,6.90E-04,0.9,SKT_21,Zn,0.020094985,0.02,0.013126216,126.823343,0.087508107
49,00,2,2,shoot,0.03089,0.7,SKT_22,Zn,0.221958924,0.222,0.214990155,59.65596494,1.842772757
50,00,2,2,shoot,0.0157,0.7,SKT_23,Zn,0.134088147,0.134,0.127119378,69.4009343,1.089594669
51,00,2,2,root,0.00293,0.7,SKT_24,Zn,0.343346133,0.343,0.336377364,984.0390951,2.883234549
52,00,2,3,shoot,0.05331,0.7,SKT_25,Zn,0.211151752,0.211,0.204182983,32.82948517,1.750139854
53,00,2,3,shoot,0.01395,0.7,SKT_26,Zn,0.151766192,0.152,0.144797423,88.96923072,1.241120769
54,00,2,3,root,0.0067,0.7,SKT_27,Zn,0.236910126,0.237,0.229941357,294.1680473,1.970925917
82,11,0,1,shoot,0.02167,0.7,SKT_28,Zn,0.185104039,0.185,0.17813527,70.46025578,1.526873743
83,11,0,1,shoot,0.00766,0.7,SKT_29,Zn,0.089897843,0.09,0.082929074,92.79642745,0.710820634
84,11,0,1,root,0.00413,0.7,SKT_30,Zn,0.113186052,0.113,0.106217283,220.4440325,0.910433854
85,11,0,2,shoot,0.08326,0.7,SKT_31,Zn,1.026618695,1.027,1.019649926,104.9706523,8.739856509
86,11,0,2,shoot,0.02175,0.7,SKT_32,Zn,0.285897197,0.286,0.278928428,109.9225332,2.390815097
87,11,0,2,root,0.00262,0.7,SKT_33,Zn,0.067854357,0.068,0.060885588,199.1894918,0.521876469
88,11,0,3,shoot,0.01696,0.7,SKT_34,Zn,0.310850812,0.311,0.303882043,153.5791996,2.604703226
89,11,0,3,shoot,0.02156,0.7,SKT_35,Zn,0.209538196,0.21,0.202569427,80.53382998,1.736309374
90,11,0,3,root,0.00338,0.7,SKT_36,Zn,0.122863096,0.123,0.115894327,293.8993922,0.993379946
91,11,1,1,shoot,0.02091,0.7,SKT_37,Zn,0.16833993,0.168,0.161371161,66.1492769,1.38318138
92,11,1,1,shoot,0.00779,0.7,SKT_38,Zn,0.068211236,0.068,0.061242467,67.38580635,0.524935431
93,11,1,1,root,0.0019,0.7,SKT_39,Zn,0.060136925,0.06,0.053168156,239.8563429,0.455727051
94,11,1,2,shoot,0.08039,0.7,SKT_40,Zn,0.746203278,0.746,0.739234509,78.81945256,6.336295791
95,11,1,2,shoot,0.02439,0.7,SKT_41,Zn,0.210832204,0.211,0.203863435,71.64415217,1.747400871
96,11,1,2,root,8.60E-04,0.9,SKT_42,Zn,0.070339485,0.07,0.063370716,491.2458605,0.42247144
97,11,1,3,shoot,0.02143,0.7,SKT_43,Zn,0.461912314,0.462,0.454943545,181.965287,3.8995161
98,11,1,3,shoot,0.01283,0.7,SKT_44,Zn,0.125057976,0.125,0.118089207,78.89268923,1.012193203
99,11,1,3,root,0.00403,0.7,SKT_45,Zn,0.183035145,0.183,0.176066376,374.4765175,1.509140366
100,11,2,1,shoot,0.01067,0.7,SKT_46,Zn,0.154657992,0.155,0.147689223,118.6417644,1.265907626
101,11,2,1,shoot,0.0064,0.7,SKT_47,Zn,0.094035243,0.094,0.087066474,116.6068848,0.746284063
102,11,2,1,root,0.00558,0.7,SKT_48,Zn,0.171062481,0.171,0.164093712,252.0640737,1.406517531
103,11,2,2,shoot,0.08275,0.7,SKT_49,Zn,0.64337009,0.643,0.636401321,65.91986061,5.454868466
104,11,2,2,shoot,0.02628,0.7,SKT_50,Zn,0.286175487,0.286,0.279206718,91.06546575,2.39320044
105,11,2,2,root,0.01388,0.7,SKT_51,Zn,0.401085325,0.401,0.394116556,243.3819819,3.378141909
106,11,2,3,shoot,0.02069,0.7,SKT_52,Zn,0.354944906,0.355,0.347976137,144.1591398,2.982652603
107,11,2,3,shoot,0.01375,0.7,SKT_53,Zn,0.179492632,0.179,0.172523863,107.5473432,1.478775969
108,11,2,3,root,0.00681,0.7,SKT_54,Zn,0.104535138,0.105,0.097566369,122.8022266,0.836283163
1,10,0,1,shoot,0.10951,0.4,SKT_01,Cd,0.006914733,0.007,0.003384727,0.463618893,0.050770905
2,10,0,1,shoot,0.026,0.5,SKT_02,Cd,0.00611559,0.006,0.002585584,1.193346462,0.031027008
3,10,0,1,root,0.0029,0.7,SKT_03,Cd,0.005947642,0.006,0.002417636,7.145722167,0.020722594
4,10,0,2,shoot,0.04946,0.5,SKT_04,Cd,0,0,0,0,0
5,10,0,2,shoot,0.01384,0.7,SKT_05,Cd,0.005612998,0.006,0.002082992,1.290044591,0.017854217
6,10,0,2,root,8.70E-04,0.7,SKT_06,Cd,0.005334704,0.005,0.001804698,17.78027586,0.01546884
7,10,0,3,shoot,0.06652,0.4,SKT_07,Cd,0.005535709,0.006,0.002005703,0.452278187,0.030085545
8,10,0,3,shoot,0.04741,0.5,SKT_08,Cd,0.00551147,0.006,0.001981464,0.501530648,0.023777568
9,10,0,3,root,0.00169,0.7,SKT_09,Cd,0.00458236,0.005,0.001052354,5.337382925,0.009020177
10,10,1,1,shoot,0.06685,0.4,SKT_10,Cd,0.005554372,0.006,0.002024366,0.454233209,0.03036549
11,10,1,1,shoot,0.0075,0.7,SKT_11,Cd,0.006382888,0.006,0.002852882,3.260436571,0.024453274
12,10,1,1,root,0.00146,0.7,SKT_12,Cd,0.005083094,0.005,0.001553088,9.117933464,0.013312183
13,10,1,2,shoot,0.01357,0.7,SKT_13,Cd,0.005328441,0.005,0.001798435,1.13597326,0.015415157
14,10,1,2,shoot,0.00244,0.7,SKT_14,Cd,0.004367492,0.004,8.37E-04,2.94198829,0.007178451
15,10,1,2,root,8.60E-04,0.7,SKT_15,Cd,0.00409965,0.004,5.70E-04,5.67751495,0.004882663
16,10,1,3,shoot,0.03447,0.5,SKT_16,Cd,0.004607017,0.005,0.001077011,0.374938555,0.012924132
17,10,1,3,shoot,0.01089,0.7,SKT_17,Cd,0.00443448,0.004,9.04E-04,0.711903975,0.007752634
18,10,1,3,root,0.0102,0.7,SKT_18,Cd,0,0,0,0,0
19,10,2,1,shoot,0.03178,0.5,SKT_19,Cd,0,0,0,0,0
20,10,2,1,shoot,0.00796,0.7,SKT_20,Cd,0.005584718,0.006,0.002054712,2.212539842,0.017611817
21,10,2,1,root,0.00145,0.7,SKT_21,Cd,0.005037513,0.005,0.001507507,8.911371429,0.012921489
22,10,2,2,shoot,0.01486,0.7,SKT_22,Cd,0,0,0,0,0
23,10,2,2,shoot,0.00285,0.7,SKT_23,Cd,0.002398255,0.002,0,0,0
24,10,2,2,root,0.00329,0.7,SKT_24,Cd,0.004840934,0.005,0.001310928,3.41535736,0.011236526
25,10,2,3,shoot,0.03215,0.5,SKT_25,Cd,0.003852071,0.004,3.22E-04,0.120210886,0.00386478
26,10,2,3,shoot,0.0097,0.7,SKT_26,Cd,0.005054315,0.005,0.001524309,1.346959352,0.013065506
27,10,2,3,root,0.0043,0.7,SKT_27,Cd,0.003550979,0.004,2.10E-05,0.041806645,1.80E-04
55,01,0,1,shoot,0.01027,0.7,SKT_28,Cd,0.004755512,0.005,0.001225506,1.022817638,0.010504337
56,01,0,1,shoot,0.01377,0.7,SKT_29,Cd,0.0043047,0.004,7.75E-04,0.482224712,0.006640234
57,01,0,1,root,0.00161,0.7,SKT_30,Cd,0.003080202,0.003,0,0,0
58,01,0,2,shoot,0.04048,0.5,SKT_31,Cd,0.003508198,0.004,0,0,0
59,01,0,2,shoot,0.02221,0.5,SKT_32,Cd,0.003664725,0.004,1.35E-04,0.072788294,0.001616628
60,01,0,2,root,0.00136,0.7,SKT_33,Cd,0.00206329,0.002,0,0,0
61,01,0,3,shoot,0.06928,0.4,SKT_34,Cd,0.004008337,0.004,4.78E-04,0.103564737,0.007174965
62,01,0,3,shoot,0.02692,0.5,SKT_35,Cd,0.003492672,0.003,0,0,0
63,01,0,3,root,0.00205,0.7,SKT_36,Cd,0.003250841,0.003,0,0,0
64,01,1,1,shoot,0.0158,0.7,SKT_37,Cd,0.00283986,0.003,0,0,0
65,01,1,1,shoot,0.0042,0.7,SKT_38,Cd,0.004286565,0.004,7.57E-04,1.543997959,0.006484791
66,01,1,1,root,0.00109,0.7,SKT_39,Cd,0.045040915,0.045,0.041510909,326.4291664,0.355807791
67,01,1,2,shoot,0.02225,0.5,SKT_40,Cd,0.00370727,0.004,1.77E-04,0.095603056,0.002127168
68,01,1,2,shoot,0.01885,0.7,SKT_41,Cd,0.003324905,0.003,0,0,0
69,01,1,2,root,0.00414,0.7,SKT_42,Cd,0.324108166,0.324,0.32057816,663.7228986,2.7478128
70,01,1,3,shoot,0.05336,0.5,SKT_43,Cd,0.003677981,0.004,1.48E-04,0.033277736,0.0017757
71,01,1,3,shoot,0.01974,0.7,SKT_44,Cd,0.003796318,0.004,2.66E-04,0.115636995,0.002282674
72,01,1,3,root,0.00194,0.7,SKT_45,Cd,0.053303229,0.053,0.049773223,219.9111473,0.426627626
73,01,2,1,shoot,0.01725,0.7,SKT_46,Cd,0.003870498,0.004,3.40E-04,0.169188571,0.002918503
74,01,2,1,shoot,0.01065,0.7,SKT_47,Cd,0.003694247,0.004,1.64E-04,0.132185915,0.00140778
75,01,2,1,root,9.00E-04,0.7,SKT_48,Cd,0.052669724,0.053,0.049139718,467.9973143,0.421197583
76,01,2,2,shoot,0.06388,0.4,SKT_49,Cd,0.003752884,0.004,2.23E-04,0.05233516,0.00334317
77,01,2,2,shoot,0.02182,0.5,SKT_50,Cd,0.002947278,0.003,0,0,0
78,01,2,2,root,0.00432,0.7,SKT_51,Cd,0.845676395,0.846,0.842146389,1670.925375,7.21839762
79,01,2,3,shoot,0.09999,0.4,SKT_52,Cd,0.003927736,0.004,3.98E-04,0.059665467,0.00596595
80,01,2,3,shoot,0.04808,0.5,SKT_53,Cd,0.002992345,0.003,0,0,0
81,01,2,3,root,0.00432,0.7,SKT_54,Cd,0.217554592,0.218,0.214024586,424.6519563,1.834496451
1,10,0,1,shoot,0.10951,0.4,SKT_01,Na,4.588776377,4.589,4.403314431,603.1386765,66.04971647
2,10,0,1,shoot,0.026,0.5,SKT_02,Na,1.132056547,1.132,0.946594601,436.8898158,11.35913521
3,10,0,1,root,0.0029,0.7,SKT_03,Na,1.179705789,1.18,0.994243843,2938.651753,8.522090083
4,10,0,2,shoot,0.04946,0.5,SKT_04,Na,3.771481705,3.771,3.586019759,870.041187,43.03223711
5,10,0,2,shoot,0.01384,0.7,SKT_05,Na,0.956094336,0.956,0.77063239,477.2702663,6.605420486
6,10,0,2,root,8.70E-04,0.7,SKT_06,Na,0.45180555,0.452,0.266343604,2624.074916,2.282945177
7,10,0,3,shoot,0.06652,0.4,SKT_07,Na,3.557089922,3.557,3.371627976,760.2889302,50.57441964
8,10,0,3,shoot,0.04741,0.5,SKT_08,Na,3.238580854,3.239,3.053118908,772.7784623,36.6374269
9,10,0,3,root,0.00169,0.7,SKT_09,Na,0.764099893,0.764,0.578637947,2934.765581,4.959753831
10,10,1,1,shoot,0.06685,0.4,SKT_10,Na,13.26297509,13.26,13.07751314,2934.370937,196.1626972
11,10,1,1,shoot,0.0075,0.7,SKT_11,Na,5.23916047,5.239,5.053698524,5775.655456,43.31741592
12,10,1,1,root,0.00146,0.7,SKT_12,Na,1.262332758,1.262,1.076870812,6322.13784,9.230321246
13,10,1,2,shoot,0.01357,0.7,SKT_13,Na,0.596761556,0.597,0.41129961,259.7955216,3.525425229
14,10,1,2,shoot,0.00244,0.7,SKT_14,Na,0.241878751,0.242,0.056416805,198.1854977,0.483572614
15,10,1,2,root,8.60E-04,0.7,SKT_15,Na,0.558571153,0.559,0.373109207,3718.696415,3.198078917
16,10,1,3,shoot,0.03447,0.5,SKT_16,Na,11.90311001,11.9,11.71764806,4079.250849,140.6117768
17,10,1,3,shoot,0.01089,0.7,SKT_17,Na,13.33419635,13.33,13.1487344,10349.25966,112.7034377
18,10,1,3,root,0.0102,0.7,SKT_18,Na,8.749809205,8.75,8.564347259,7196.93047,73.40869079
19,10,2,1,shoot,0.03178,0.5,SKT_19,Na,9.185194819,9.185,8.999732873,3398.262885,107.9967945
20,10,2,1,shoot,0.00796,0.7,SKT_20,Na,13.6471541,13.65,13.46169215,14495.72019,115.3859327
21,10,2,1,root,0.00145,0.7,SKT_21,Na,0.959356943,0.959,0.773894997,4574.748751,6.633385689
22,10,2,2,shoot,0.01486,0.7,SKT_22,Na,0.735566293,0.736,0.550104347,317.3068719,4.715180117
23,10,2,2,shoot,0.00285,0.7,SKT_23,Na,0.291919183,0.292,0.106457237,320.1721414,0.912490603
24,10,2,2,root,0.00329,0.7,SKT_24,Na,0.669321409,0.669,0.483859463,1260.597819,4.147366826
25,10,2,3,shoot,0.03215,0.5,SKT_25,Na,16.52363695,16.52,16.338175,6098.230173,196.0581
26,10,2,3,shoot,0.0097,0.7,SKT_26,Na,16.0369206,16.04,15.85145865,14007.17996,135.8696456
27,10,2,3,root,0.0043,0.7,SKT_27,Na,3.421472877,3.421,3.236010931,6450.520128,27.73723655
55,01,0,1,shoot,0.01027,0.7,SKT_28,Na,0.555720629,0.556,0.370258683,309.0210179,3.173645854
56,01,0,1,shoot,0.01377,0.7,SKT_29,Na,0.63734719,0.637,0.451885244,281.2855549,3.873302091
57,01,0,1,root,0.00161,0.7,SKT_30,Na,0.712358899,0.712,0.526896953,2805.130185,4.516259597
58,01,0,2,shoot,0.04048,0.5,SKT_31,Na,1.191356649,1.191,1.005894703,298.1901293,12.07073644
59,01,0,2,shoot,0.02221,0.5,SKT_32,Na,0.597437016,0.597,0.41197507,222.5889617,4.94370084
60,01,0,2,root,0.00136,0.7,SKT_33,Na,0.433191241,0.433,0.247729295,1561.319086,2.123393957
61,01,0,3,shoot,0.06928,0.4,SKT_34,Na,1.716459245,1.716,1.530997299,331.4803621,22.96495948
62,01,0,3,shoot,0.02692,0.5,SKT_35,Na,0.653934663,0.654,0.468472717,208.8288486,5.621672604
63,01,0,3,root,0.00205,0.7,SKT_36,Na,0.538873359,0.539,0.353411413,1477.678382,3.029240683
64,01,1,1,shoot,0.0158,0.7,SKT_37,Na,0.826495188,0.826,0.641033242,347.7576358,5.494570646
65,01,1,1,shoot,0.0042,0.7,SKT_38,Na,0.282783609,0.283,0.097321663,198.6156388,0.834185683
66,01,1,1,root,0.00109,0.7,SKT_39,Na,0.45108528,0.451,0.265623334,2088.781132,2.276771434
67,01,1,2,shoot,0.02225,0.5,SKT_40,Na,0.610580802,0.611,0.425118856,229.2775853,5.101426272
68,01,1,2,shoot,0.01885,0.7,SKT_41,Na,0.8674908,0.867,0.682028854,310.1305892,5.845961606
69,01,1,2,root,0.00414,0.7,SKT_42,Na,1.247657996,1.248,1.06219605,2199.163665,9.104537571
70,01,1,3,shoot,0.05336,0.5,SKT_43,Na,1.063975897,1.064,0.878513951,197.5668555,10.54216741
71,01,1,3,shoot,0.01974,0.7,SKT_44,Na,0.919957072,0.92,0.734495126,318.9297117,6.295672509
72,01,1,3,root,0.00194,0.7,SKT_45,Na,0.754404876,0.754,0.56894293,2513.739013,4.876653686
73,01,2,1,shoot,0.01725,0.7,SKT_46,Na,0.958329069,0.958,0.772867123,384.033353,6.62457534
74,01,2,1,shoot,0.01065,0.7,SKT_47,Na,0.693623248,0.694,0.508161302,408.9829392,4.355668303
75,01,2,1,root,9.00E-04,0.7,SKT_48,Na,0.484853832,0.485,0.299391886,2851.351295,2.566216166
76,01,2,2,shoot,0.06388,0.4,SKT_49,Na,1.727399451,1.727,1.541937505,362.0704849,23.12906258
77,01,2,2,shoot,0.02182,0.5,SKT_50,Na,0.716426898,0.716,0.530964952,292.0063897,6.371579424
78,01,2,2,root,0.00432,0.7,SKT_51,Na,1.100393274,1.1,0.914931328,1815.339937,7.842268526
79,01,2,3,shoot,0.09999,0.4,SKT_52,Na,2.090389366,2.09,1.90492742,285.7676898,28.5739113
80,01,2,3,shoot,0.04808,0.5,SKT_53,Na,1.686345361,1.686,1.500883415,374.5965262,18.01060098
81,01,2,3,root,0.00432,0.7,SKT_54,Na,1.427887272,1.428,1.242425326,2465.129615,10.64935994
1,10,0,1,shoot,0.10951,0.4,SKT_01,K,87.61030516,87.61,87.51737935,11987.58735,1312.76069
2,10,0,1,shoot,0.026,0.5,SKT_02,K,67.35581419,67.36,67.26288838,31044.41002,807.1546606
3,10,0,1,root,0.0029,0.7,SKT_03,K,4.983286623,4.983,4.890360815,14454.26842,41.91737841
4,10,0,2,shoot,0.04946,0.5,SKT_04,K,66.60089481,66.6,66.507969,16136.18334,798.095628
5,10,0,2,shoot,0.01384,0.7,SKT_05,K,27.23112127,27.23,27.13819546,16807.3052,232.613104
6,10,0,2,root,8.70E-04,0.7,SKT_06,K,0.277616309,0.278,0.184690501,1819.610847,1.583061437
7,10,0,3,shoot,0.06652,0.4,SKT_07,K,87.46629724,87.47,87.37337143,19702.35375,1310.600571
8,10,0,3,shoot,0.04741,0.5,SKT_08,K,119.4850541,119.5,119.3921283,30219.47985,1432.70554
9,10,0,3,root,0.00169,0.7,SKT_09,K,2.796949661,2.797,2.704023853,13714.40669,23.17734731
10,10,1,1,shoot,0.06685,0.4,SKT_10,K,75.21366645,75.21,75.12074064,16855.81316,1126.81111
11,10,1,1,shoot,0.0075,0.7,SKT_11,K,18.7694513,18.77,18.67652549,21344.60056,160.0845042
12,10,1,1,root,0.00146,0.7,SKT_12,K,1.65768861,1.658,1.564762802,9186.474376,13.41225259
13,10,1,2,shoot,0.01357,0.7,SKT_13,K,14.46999875,14.47,14.37707294,9081.212512,123.2320538
14,10,1,2,shoot,0.00244,0.7,SKT_14,K,2.962221107,2.962,2.869295299,10079.49168,24.59395971
15,10,1,2,root,8.60E-04,0.7,SKT_15,K,0.279112333,0.279,0.186186525,1855.679651,1.5958845
16,10,1,3,shoot,0.03447,0.5,SKT_16,K,78.21248987,78.21,78.11956406,27195.67069,937.4347687
17,10,1,3,shoot,0.01089,0.7,SKT_17,K,32.06982974,32.07,31.97690393,25168.75555,274.087748
18,10,1,3,root,0.0102,0.7,SKT_18,K,4.035383729,4.035,3.942457921,3312.98985,33.79249647
19,10,2,1,shoot,0.03178,0.5,SKT_19,K,47.06255836,47.06,46.96963255,17735.54407,563.6355906
20,10,2,1,shoot,0.00796,0.7,SKT_20,K,25.573736,25.57,25.48081019,27438.05835,218.4069445
21,10,2,1,root,0.00145,0.7,SKT_21,K,0.665214047,0.665,0.572288239,3382.984664,4.905327763
22,10,2,2,shoot,0.01486,0.7,SKT_22,K,19.22581172,19.23,19.13288591,11036.08109,163.996165
23,10,2,2,shoot,0.00285,0.7,SKT_23,K,4.551212673,4.551,4.458286865,13408.38155,38.21388741
24,10,2,2,root,0.00329,0.7,SKT_24,K,0.74272545,0.743,0.649799642,1692.921343,5.569711217
25,10,2,3,shoot,0.03215,0.5,SKT_25,K,72.83250429,72.83,72.73957848,27150.07595,872.8749418
26,10,2,3,shoot,0.0097,0.7,SKT_26,K,30.71442691,30.71,30.6215011,27058.76386,262.4700094
27,10,2,3,root,0.0043,0.7,SKT_27,K,1.286258954,1.286,1.193333146,2378.737168,10.22856982
55,01,0,1,shoot,0.01027,0.7,SKT_28,K,13.28787273,13.29,13.19494692,11012.61393,113.099545
56,01,0,1,shoot,0.01377,0.7,SKT_29,K,26.39100508,26.39,26.29807927,16369.79724,225.412108
57,01,0,1,root,0.00161,0.7,SKT_30,K,0.98226904,0.982,0.889343232,4734.746577,7.622941989
58,01,0,2,shoot,0.04048,0.5,SKT_31,K,40.90189842,40.9,40.80897261,12097.52153,489.7076713
59,01,0,2,shoot,0.02221,0.5,SKT_32,K,20.46364949,20.46,20.37072368,11006.24422,244.4486842
60,01,0,2,root,0.00136,0.7,SKT_33,K,0.576018235,0.576,0.483092427,3044.70017,4.140792231
61,01,0,3,shoot,0.06928,0.4,SKT_34,K,51.41162009,51.41,51.31869428,11111.14917,769.7804142
62,01,0,3,shoot,0.02692,0.5,SKT_35,K,31.18197728,31.18,31.08905147,13858.41819,373.0686177
63,01,0,3,root,0.00205,0.7,SKT_36,K,0.999891758,1,0.90696595,3792.192125,7.773993857
64,01,1,1,shoot,0.0158,0.7,SKT_37,K,27.68378221,27.68,27.5908564,14967.91487,236.4930549
65,01,1,1,shoot,0.0042,0.7,SKT_38,K,6.404442253,6.404,6.311516445,12880.64581,54.09871239
66,01,1,1,root,0.00109,0.7,SKT_39,K,0.534953939,0.535,0.442028131,3475.974818,3.788812551
67,01,1,2,shoot,0.02225,0.5,SKT_40,K,23.40693558,23.41,23.31400977,12573.84797,279.7681173
68,01,1,2,shoot,0.01885,0.7,SKT_41,K,25.30705469,25.31,25.21412888,11465.31059,216.1211047
69,01,1,2,root,0.00414,0.7,SKT_42,K,1.170769433,1.171,1.077843625,2231.5603,9.238659643
70,01,1,3,shoot,0.05336,0.5,SKT_43,K,40.03762649,40.04,39.94470068,8983.06612,479.3364082
71,01,1,3,shoot,0.01974,0.7,SKT_44,K,28.38188121,28.38,28.2889554,12283.52384,242.4767606
72,01,1,3,root,0.00194,0.7,SKT_45,K,0.718054232,0.718,0.625128424,2761.981255,5.358243634
73,01,2,1,shoot,0.01725,0.7,SKT_46,K,29.64866295,29.65,29.55573714,14686.08057,253.3348898
74,01,2,1,shoot,0.01065,0.7,SKT_47,K,23.89515429,23.9,23.80222848,19156.72312,204.0191013
75,01,2,1,root,9.00E-04,0.7,SKT_48,K,0.271022535,0.271,0.178096727,1696.159305,1.526543374
76,01,2,2,shoot,0.06388,0.4,SKT_49,K,50.94803393,50.95,50.85510812,11941.55638,762.8266218
77,01,2,2,shoot,0.02182,0.5,SKT_50,K,18.7143799,18.71,18.62145409,10240.94634,223.4574491
78,01,2,2,root,0.00432,0.7,SKT_51,K,5.142560718,5.143,5.04963491,10019.11688,43.28258494
79,01,2,3,shoot,0.09999,0.4,SKT_52,K,49.60523582,49.61,49.51231001,7427.589261,742.6846502
80,01,2,3,shoot,0.04808,0.5,SKT_53,K,48.06472847,48.06,47.97180266,11972.99567,575.6616319
81,01,2,3,root,0.00432,0.7,SKT_54,K,1.410699637,1.411,1.317773829,2614.630613,11.29520425
1,10,0,1,shoot,0.10951,0.4,SKT_01,Fe,0.197924103,0.198,0.170874151,23.40528048,2.563112265
2,10,0,1,shoot,0.026,0.5,SKT_02,Fe,0.094855086,0.095,0.067805134,31.29467723,0.813661608
3,10,0,1,root,0.0029,0.7,SKT_03,Fe,2.048383736,2.048,2.021333784,5974.385568,17.32571815
4,10,0,2,shoot,0.04946,0.5,SKT_04,Fe,0.103601682,0.104,0.07655173,18.57300364,0.91862076
5,10,0,2,shoot,0.01384,0.7,SKT_05,Fe,0.062187006,0.062,0.035137054,21.76118126,0.301174749
6,10,0,2,root,8.70E-04,0.7,SKT_06,Fe,1.103418605,1.103,1.076368653,10604.61727,9.226017026
7,10,0,3,shoot,0.06652,0.4,SKT_07,Fe,0.112276163,0.112,0.085226211,19.21817747,1.278393165
8,10,0,3,shoot,0.04741,0.5,SKT_08,Fe,0.12384937,0.124,0.096799418,24.50101278,1.161593016
9,10,0,3,root,0.00169,0.7,SKT_09,Fe,1.323411354,1.323,1.296361402,6574.952166,11.11166916
10,10,1,1,shoot,0.06685,0.4,SKT_10,Fe,0.098948901,0.099,0.071898949,16.13289806,1.078484235
11,10,1,1,shoot,0.0075,0.7,SKT_11,Fe,0.05712658,0.057,0.030076628,34.37328914,0.257799669
12,10,1,1,root,0.00146,0.7,SKT_12,Fe,1.307073742,1.307,1.28002379,7514.816771,10.97163249
13,10,1,2,shoot,0.01357,0.7,SKT_13,Fe,0.062631413,0.063,0.035581461,22.47486746,0.304983951
14,10,1,2,shoot,0.00244,0.7,SKT_14,Fe,0.037249279,0.037,0.010199327,35.82901756,0.087422803
15,10,1,2,root,8.60E-04,0.7,SKT_15,Fe,1.813194486,1.813,1.786144534,17802.10499,15.30981029
16,10,1,3,shoot,0.03447,0.5,SKT_16,Fe,0.100243544,0.1,0.073193592,25.48079791,0.878323104
17,10,1,3,shoot,0.01089,0.7,SKT_17,Fe,0.107704707,0.108,0.080654755,63.48268792,0.691326471
18,10,1,3,root,0.0102,0.7,SKT_18,Fe,13.74116224,13.74,13.71411229,11524.46411,117.5495339
19,10,2,1,shoot,0.03178,0.5,SKT_19,Fe,0.081497696,0.081,0.054447744,20.55924884,0.653372928
20,10,2,1,shoot,0.00796,0.7,SKT_20,Fe,0.058187901,0.058,0.031137949,33.5297369,0.266896706
21,10,2,1,root,0.00145,0.7,SKT_21,Fe,0.902816001,0.903,0.875766049,5176.942162,7.506566134
22,10,2,2,shoot,0.01486,0.7,SKT_22,Fe,0.057550642,0.058,0.03050069,17.59316862,0.261434486
23,10,2,2,shoot,0.00285,0.7,SKT_23,Fe,0.051913398,0.052,0.024863446,74.7772812,0.213115251
24,10,2,2,root,0.00329,0.7,SKT_24,Fe,1.51474325,1.515,1.487693298,3875.883538,12.75165684
25,10,2,3,shoot,0.03215,0.5,SKT_25,Fe,0.113021721,0.113,0.085971769,32.08899621,1.031661228
26,10,2,3,shoot,0.0097,0.7,SKT_26,Fe,0.080485604,0.08,0.053435652,47.21854374,0.458019874
27,10,2,3,root,0.0043,0.7,SKT_27,Fe,3.574119027,3.574,3.547069075,7070.569585,30.40344921
55,01,0,1,shoot,0.01027,0.7,SKT_28,Fe,0.041221951,0.041,0.014171999,11.82806983,0.121474277
56,01,0,1,shoot,0.01377,0.7,SKT_29,Fe,0.059644906,0.06,0.032594954,20.28942048,0.27938532
57,01,0,1,root,0.00161,0.7,SKT_30,Fe,0.672635647,0.673,0.645585695,3437.013461,5.533591671
58,01,0,2,shoot,0.04048,0.5,SKT_31,Fe,0.084951761,0.085,0.057901809,17.16456789,0.694821708
59,01,0,2,shoot,0.02221,0.5,SKT_32,Fe,0.073362769,0.073,0.046312817,25.02268366,0.555753804
60,01,0,2,root,0.00136,0.7,SKT_33,Fe,0.905077338,0.905,0.878027386,5533.786046,7.525949023
61,01,0,3,shoot,0.06928,0.4,SKT_34,Fe,0.192922462,0.193,0.16587251,35.91350534,2.48808765
62,01,0,3,shoot,0.02692,0.5,SKT_35,Fe,0.075241436,0.075,0.048191484,21.48208796,0.578297808
63,01,0,3,root,0.00205,0.7,SKT_36,Fe,1.48855218,1.489,1.461502228,6110.810709,12.52716195
64,01,1,1,shoot,0.0158,0.7,SKT_37,Fe,0.061473995,0.061,0.034424043,18.6748877,0.295063226
65,01,1,1,shoot,0.0042,0.7,SKT_38,Fe,0.062124589,0.062,0.035074637,71.58089184,0.300639746
66,01,1,1,root,0.00109,0.7,SKT_39,Fe,0.370955782,0.371,0.34390583,2704.370878,2.947764257
67,01,1,2,shoot,0.02225,0.5,SKT_40,Fe,0.054648588,0.055,0.027598636,14.88465762,0.331183632
68,01,1,2,shoot,0.01885,0.7,SKT_41,Fe,0.079800313,0.08,0.052750361,23.98652262,0.452145951
69,01,1,2,root,0.00414,0.7,SKT_42,Fe,2.275895301,2.276,2.248845349,4655.994511,19.27581728
70,01,1,3,shoot,0.05336,0.5,SKT_43,Fe,0.170412499,0.17,0.143362547,32.24045285,1.720350564
71,01,1,3,shoot,0.01974,0.7,SKT_44,Fe,0.09857259,0.099,0.071522638,31.05629092,0.613051183
72,01,1,3,root,0.00194,0.7,SKT_45,Fe,1.4234436,1.423,1.396393648,6169.633202,11.96908841
73,01,2,1,shoot,0.01725,0.7,SKT_46,Fe,0.062565708,0.063,0.035515756,17.64758062,0.304420766
74,01,2,1,shoot,0.01065,0.7,SKT_47,Fe,0.054617434,0.055,0.027567482,22.18710825,0.236292703
75,01,2,1,root,9.00E-04,0.7,SKT_48,Fe,0.823698789,0.824,0.796648837,7587.131781,6.828418603
76,01,2,2,shoot,0.06388,0.4,SKT_49,Fe,0.087569848,0.088,0.060519896,14.21099624,0.90779844
77,01,2,2,shoot,0.02182,0.5,SKT_50,Fe,0.073480882,0.073,0.04643093,25.53488359,0.55717116
78,01,2,2,root,0.00432,0.7,SKT_51,Fe,1.057729846,1.058,1.030679894,2044.99979,8.834399091
79,01,2,3,shoot,0.09999,0.4,SKT_52,Fe,0.260014652,0.26,0.2329647,34.94819982,3.4944705
80,01,2,3,shoot,0.04808,0.5,SKT_53,Fe,0.108288181,0.108,0.081238229,20.27576431,0.974858748
81,01,2,3,root,0.00432,0.7,SKT_54,Fe,2.838381778,2.838,2.811331826,5578.039337,24.09712994
1,10,0,1,shoot,0.10951,0.4,SKT_01,Zn,0.297609267,0.298,0.290462576,39.78576057,4.35693864
2,10,0,1,shoot,0.026,0.5,SKT_02,Zn,0.200093789,0.2,0.192947098,89.05250677,2.315365176
3,10,0,1,root,0.0029,0.7,SKT_03,Zn,0.136130906,0.136,0.128984215,381.234133,1.105578986
4,10,0,2,shoot,0.04946,0.5,SKT_04,Zn,0.138089845,0.138,0.130943154,31.76946721,1.571317848
5,10,0,2,shoot,0.01384,0.7,SKT_05,Zn,0.112295583,0.112,0.105148892,65.12111396,0.901276217
6,10,0,2,root,8.70E-04,0.7,SKT_06,Zn,0.04412155,0.044,0.036974859,364.2843251,0.316927363
7,10,0,3,shoot,0.06652,0.4,SKT_07,Zn,0.724667963,0.725,0.717521272,161.7982423,10.76281908
8,10,0,3,shoot,0.04741,0.5,SKT_08,Zn,0.280237571,0.28,0.27309088,69.12234887,3.27709056
9,10,0,3,root,0.00169,0.7,SKT_09,Zn,0.068471232,0.068,0.061324541,311.0289484,0.525638923
10,10,1,1,shoot,0.06685,0.4,SKT_10,Zn,0.383007737,0.383,0.375861046,84.33680912,5.63791569
11,10,1,1,shoot,0.0075,0.7,SKT_11,Zn,0.068648636,0.069,0.061501945,70.28793714,0.527159529
12,10,1,1,root,0.00146,0.7,SKT_12,Zn,0.080512551,0.081,0.07336586,430.7193346,0.628850229
13,10,1,2,shoot,0.01357,0.7,SKT_13,Zn,0.083206109,0.083,0.076059418,48.04258427,0.651937869
14,10,1,2,shoot,0.00244,0.7,SKT_14,Zn,0.022515297,0.023,0.015368606,53.98807728,0.131730909
15,10,1,2,root,8.60E-04,0.7,SKT_15,Zn,0.03368383,0.034,0.026537139,264.4897575,0.227461191
16,10,1,3,shoot,0.03447,0.5,SKT_16,Zn,0.242391536,0.242,0.235244845,81.8955074,2.82293814
17,10,1,3,shoot,0.01089,0.7,SKT_17,Zn,0.096175068,0.096,0.089028377,70.07349626,0.763100374
18,10,1,3,root,0.0102,0.7,SKT_18,Zn,0.606311025,0.606,0.599164334,503.4994403,5.135694291
19,10,2,1,shoot,0.03178,0.5,SKT_19,Zn,0.15827765,0.158,0.151130959,57.06644141,1.813571508
20,10,2,1,shoot,0.00796,0.7,SKT_20,Zn,0.076230307,0.076,0.069083616,74.39011055,0.59214528
21,10,2,1,root,0.00145,0.7,SKT_21,Zn,0.094165964,0.094,0.087019273,514.3996433,0.745879483
22,10,2,2,shoot,0.01486,0.7,SKT_22,Zn,0.071430113,0.071,0.064283422,37.07945895,0.55100076
23,10,2,2,shoot,0.00285,0.7,SKT_23,Zn,0.041800083,0.042,0.034653392,104.2207278,0.297029074
24,10,2,2,root,0.00329,0.7,SKT_24,Zn,0.030472751,0.03,0.02332606,60.77132436,0.199937657
25,10,2,3,shoot,0.03215,0.5,SKT_25,Zn,0.233223797,0.233,0.226077106,84.38336771,2.712925272
26,10,2,3,shoot,0.0097,0.7,SKT_26,Zn,0.097068791,0.097,0.0899221,79.45988218,0.770760857
27,10,2,3,root,0.0043,0.7,SKT_27,Zn,0.122790783,0.123,0.115644092,230.5197847,0.991235074
55,01,0,1,shoot,0.01027,0.7,SKT_28,Zn,0.02410635,0.024,0.016959659,14.15467436,0.145368506
56,01,0,1,shoot,0.01377,0.7,SKT_29,Zn,0.069379632,0.069,0.062232941,38.73821413,0.533425209
57,01,0,1,root,0.00161,0.7,SKT_30,Zn,0.060709961,0.061,0.05356327,285.1638154,0.459113743
58,01,0,2,shoot,0.04048,0.5,SKT_31,Zn,0.249736526,0.25,0.242589835,71.91398271,2.91107802
59,01,0,2,shoot,0.02221,0.5,SKT_32,Zn,0.083353924,0.083,0.076207233,41.17455182,0.914486796
60,01,0,2,root,0.00136,0.7,SKT_33,Zn,0.195811935,0.196,0.188665244,1189.066664,1.617130663
61,01,0,3,shoot,0.06928,0.4,SKT_34,Zn,0.353550206,0.354,0.346403515,75.00076104,5.196052725
62,01,0,3,shoot,0.02692,0.5,SKT_35,Zn,0.086734984,0.087,0.079588293,35.47769376,0.955059516
63,01,0,3,root,0.00205,0.7,SKT_36,Zn,0.068435018,0.068,0.061288327,256.2578132,0.525328517
64,01,1,1,shoot,0.0158,0.7,SKT_37,Zn,0.054405813,0.054,0.047259122,25.63786004,0.405078189
65,01,1,1,shoot,0.0042,0.7,SKT_38,Zn,0.024194308,0.024,0.017047617,34.7910551,0.146122431
66,01,1,1,root,0.00109,0.7,SKT_39,Zn,0.034790262,0.035,0.027643571,217.380637,0.236944894
67,01,1,2,shoot,0.02225,0.5,SKT_40,Zn,0.189881098,0.19,0.182734407,98.55338804,2.192812884
68,01,1,2,shoot,0.01885,0.7,SKT_41,Zn,0.083934382,0.084,0.076787691,34.91672194,0.658180209
69,01,1,2,root,0.00414,0.7,SKT_42,Zn,0.701791338,0.702,0.694644647,1438.187675,5.954096974
70,01,1,3,shoot,0.05336,0.5,SKT_43,Zn,0.323241935,0.323,0.316095244,71.08588696,3.793142928
71,01,1,3,shoot,0.01974,0.7,SKT_44,Zn,0.098539225,0.099,0.091392534,39.68412245,0.783364577
72,01,1,3,root,0.00194,0.7,SKT_45,Zn,0.049327472,0.049,0.042180781,186.3657482,0.361549551
73,01,2,1,shoot,0.01725,0.7,SKT_46,Zn,0.05277526,0.053,0.045628569,22.67258087,0.39110202
74,01,2,1,shoot,0.01065,0.7,SKT_47,Zn,0.058424327,0.058,0.051277636,41.26972716,0.439522594
75,01,2,1,root,9.00E-04,0.7,SKT_48,Zn,0.044906212,0.045,0.037759521,359.6144857,0.323653037
76,01,2,2,shoot,0.06388,0.4,SKT_49,Zn,0.256588065,0.257,0.249441374,58.57264574,3.74162061
77,01,2,2,shoot,0.02182,0.5,SKT_50,Zn,0.072315299,0.072,0.065168608,35.83974775,0.782023296
78,01,2,2,root,0.00432,0.7,SKT_51,Zn,0.627924663,0.628,0.620777972,1231.702325,5.320954046
79,01,2,3,shoot,0.09999,0.4,SKT_52,Zn,0.423256284,0.423,0.416109593,62.42268122,6.241643895
80,01,2,3,shoot,0.04808,0.5,SKT_53,Zn,0.199657036,0.2,0.192510345,48.04750707,2.31012414
81,01,2,3,root,0.00432,0.7,SKT_54,Zn,0.157675865,0.158,0.150529174,298.668996,1.290250063
