Cap,Salt,Cadmium,SaltCadmium,Timepoint,TissueType,DryWeight,VolDigestUsed,Element,ConcSamp,ConcRep,CorConc,ugElementPermgDW,ugElement
1,1,0,10,0,leaf,0.10951,0.4,Cd,0.006914733,0.007,0.003384727,4.64E-04,0.050770905
2,1,0,10,0,leaf,0.026,0.5,Cd,0.00611559,0.006,0.002585584,0.001193346,0.031027008
3,1,0,10,0,root,0.0029,0.7,Cd,0.005947642,0.006,0.002417636,0.007145722,0.020722594
4,1,0,10,0,leaf,0.04946,0.5,Cd,0,0,0,0,0
5,1,0,10,0,leaf,0.01384,0.7,Cd,0.005612998,0.006,0.002082992,0.001290045,0.017854217
6,1,0,10,0,root,8.70E-04,0.7,Cd,0.005334704,0.005,0.001804698,0.017780276,0.01546884
7,1,0,10,0,leaf,0.06652,0.4,Cd,0.005535709,0.006,0.002005703,4.52E-04,0.030085545
8,1,0,10,0,leaf,0.04741,0.5,Cd,0.00551147,0.006,0.001981464,5.02E-04,0.023777568
9,1,0,10,0,root,0.00169,0.7,Cd,0.00458236,0.005,0.001052354,0.005337383,0.009020177
10,1,0,10,1,leaf,0.06685,0.4,Cd,0.005554372,0.006,0.002024366,4.54E-04,0.03036549
11,1,0,10,1,leaf,0.0075,0.7,Cd,0.006382888,0.006,0.002852882,0.003260437,0.024453274
12,1,0,10,1,root,0.00146,0.7,Cd,0.005083094,0.005,0.001553088,0.009117933,0.013312183
13,1,0,10,1,leaf,0.01357,0.7,Cd,0.005328441,0.005,0.001798435,0.001135973,0.015415157
14,1,0,10,1,leaf,0.00244,0.7,Cd,0.004367492,0.004,8.37E-04,0.002941988,0.007178451
15,1,0,10,1,root,8.60E-04,0.7,Cd,0.00409965,0.004,5.70E-04,0.005677515,0.004882663
16,1,0,10,1,leaf,0.03447,0.5,Cd,0.004607017,0.005,0.001077011,3.75E-04,0.012924132
17,1,0,10,1,leaf,0.01089,0.7,Cd,0.00443448,0.004,9.04E-04,7.12E-04,0.007752634
18,1,0,10,1,root,0.0102,0.7,Cd,0,0,0,0,0
19,1,0,10,2,leaf,0.03178,0.5,Cd,0,0,0,0,0
20,1,0,10,2,leaf,0.00796,0.7,Cd,0.005584718,0.006,0.002054712,0.00221254,0.017611817
21,1,0,10,2,root,0.00145,0.7,Cd,0.005037513,0.005,0.001507507,0.008911371,0.012921489
22,1,0,10,2,leaf,0.01486,0.7,Cd,0,0,0,0,0
23,1,0,10,2,leaf,0.00285,0.7,Cd,0.002398255,0.002,0,0,0
24,1,0,10,2,root,0.00329,0.7,Cd,0.004840934,0.005,0.001310928,0.003415357,0.011236526
25,1,0,10,2,leaf,0.03215,0.5,Cd,0.003852071,0.004,3.22E-04,1.20E-04,0.00386478
26,1,0,10,2,leaf,0.0097,0.7,Cd,0.005054315,0.005,0.001524309,0.001346959,0.013065506
27,1,0,10,2,root,0.0043,0.7,Cd,0.003550979,0.004,2.10E-05,4.18E-05,1.80E-04
55,0,1,01,0,leaf,0.01027,0.7,Cd,0.004755512,0.005,0.001225506,0.001022818,0.010504337
56,0,1,01,0,leaf,0.01377,0.7,Cd,0.0043047,0.004,7.75E-04,4.82E-04,0.006640234
57,0,1,01,0,root,0.00161,0.7,Cd,0.003080202,0.003,0,0,0
58,0,1,01,0,leaf,0.04048,0.5,Cd,0.003508198,0.004,0,0,0
59,0,1,01,0,leaf,0.02221,0.5,Cd,0.003664725,0.004,1.35E-04,7.28E-05,0.001616628
60,0,1,01,0,root,0.00136,0.7,Cd,0.00206329,0.002,0,0,0
61,0,1,01,0,leaf,0.06928,0.4,Cd,0.004008337,0.004,4.78E-04,1.04E-04,0.007174965
62,0,1,01,0,leaf,0.02692,0.5,Cd,0.003492672,0.003,0,0,0
63,0,1,01,0,root,0.00205,0.7,Cd,0.003250841,0.003,0,0,0
64,0,1,01,1,leaf,0.0158,0.7,Cd,0.00283986,0.003,0,0,0
65,0,1,01,1,leaf,0.0042,0.7,Cd,0.004286565,0.004,7.57E-04,0.001543998,0.006484791
66,0,1,01,1,root,0.00109,0.7,Cd,0.045040915,0.045,0.041510909,0.326429166,0.355807791
67,0,1,01,1,leaf,0.02225,0.5,Cd,0.00370727,0.004,1.77E-04,9.56E-05,0.002127168
68,0,1,01,1,leaf,0.01885,0.7,Cd,0.003324905,0.003,0,0,0
69,0,1,01,1,root,0.00414,0.7,Cd,0.324108166,0.324,0.32057816,0.663722899,2.7478128
70,0,1,01,1,leaf,0.05336,0.5,Cd,0.003677981,0.004,1.48E-04,3.33E-05,0.0017757
71,0,1,01,1,leaf,0.01974,0.7,Cd,0.003796318,0.004,2.66E-04,1.16E-04,0.002282674
72,0,1,01,1,root,0.00194,0.7,Cd,0.053303229,0.053,0.049773223,0.219911147,0.426627626
73,0,1,01,2,leaf,0.01725,0.7,Cd,0.003870498,0.004,3.40E-04,1.69E-04,0.002918503
74,0,1,01,2,leaf,0.01065,0.7,Cd,0.003694247,0.004,1.64E-04,1.32E-04,0.00140778
75,0,1,01,2,root,9.00E-04,0.7,Cd,0.052669724,0.053,0.049139718,0.467997314,0.421197583
76,0,1,01,2,leaf,0.06388,0.4,Cd,0.003752884,0.004,2.23E-04,5.23E-05,0.00334317
77,0,1,01,2,leaf,0.02182,0.5,Cd,0.002947278,0.003,0,0,0
78,0,1,01,2,root,0.00432,0.7,Cd,0.845676395,0.846,0.842146389,1.670925375,7.21839762
79,0,1,01,2,leaf,0.09999,0.4,Cd,0.003927736,0.004,3.98E-04,5.97E-05,0.00596595
80,0,1,01,2,leaf,0.04808,0.5,Cd,0.002992345,0.003,0,0,0
81,0,1,01,2,root,0.00432,0.7,Cd,0.217554592,0.218,0.214024586,0.424651956,1.834496451
1,1,0,10,0,leaf,0.10951,0.4,Na,4.588776377,4.589,4.403314431,0.603138677,66.04971647
2,1,0,10,0,leaf,0.026,0.5,Na,1.132056547,1.132,0.946594601,0.436889816,11.35913521
3,1,0,10,0,root,0.0029,0.7,Na,1.179705789,1.18,0.994243843,2.938651753,8.522090083
4,1,0,10,0,leaf,0.04946,0.5,Na,3.771481705,3.771,3.586019759,0.870041187,43.03223711
5,1,0,10,0,leaf,0.01384,0.7,Na,0.956094336,0.956,0.77063239,0.477270266,6.605420486
6,1,0,10,0,root,8.70E-04,0.7,Na,0.45180555,0.452,0.266343604,2.624074916,2.282945177
7,1,0,10,0,leaf,0.06652,0.4,Na,3.557089922,3.557,3.371627976,0.76028893,50.57441964
8,1,0,10,0,leaf,0.04741,0.5,Na,3.238580854,3.239,3.053118908,0.772778462,36.6374269
9,1,0,10,0,root,0.00169,0.7,Na,0.764099893,0.764,0.578637947,2.934765581,4.959753831
10,1,0,10,1,leaf,0.06685,0.4,Na,13.26297509,13.26,13.07751314,2.934370937,196.1626972
11,1,0,10,1,leaf,0.0075,0.7,Na,5.23916047,5.239,5.053698524,5.775655456,43.31741592
12,1,0,10,1,root,0.00146,0.7,Na,1.262332758,1.262,1.076870812,6.32213784,9.230321246
13,1,0,10,1,leaf,0.01357,0.7,Na,0.596761556,0.597,0.41129961,0.259795522,3.525425229
14,1,0,10,1,leaf,0.00244,0.7,Na,0.241878751,0.242,0.056416805,0.198185498,0.483572614
15,1,0,10,1,root,8.60E-04,0.7,Na,0.558571153,0.559,0.373109207,3.718696415,3.198078917
16,1,0,10,1,leaf,0.03447,0.5,Na,11.90311001,11.9,11.71764806,4.079250849,140.6117768
17,1,0,10,1,leaf,0.01089,0.7,Na,13.33419635,13.33,13.1487344,10.34925966,112.7034377
18,1,0,10,1,root,0.0102,0.7,Na,8.749809205,8.75,8.564347259,7.19693047,73.40869079
19,1,0,10,2,leaf,0.03178,0.5,Na,9.185194819,9.185,8.999732873,3.398262885,107.9967945
20,1,0,10,2,leaf,0.00796,0.7,Na,13.6471541,13.65,13.46169215,14.49572019,115.3859327
21,1,0,10,2,root,0.00145,0.7,Na,0.959356943,0.959,0.773894997,4.574748751,6.633385689
22,1,0,10,2,leaf,0.01486,0.7,Na,0.735566293,0.736,0.550104347,0.317306872,4.715180117
23,1,0,10,2,leaf,0.00285,0.7,Na,0.291919183,0.292,0.106457237,0.320172141,0.912490603
24,1,0,10,2,root,0.00329,0.7,Na,0.669321409,0.669,0.483859463,1.260597819,4.147366826
25,1,0,10,2,leaf,0.03215,0.5,Na,16.52363695,16.52,16.338175,6.098230173,196.0581
26,1,0,10,2,leaf,0.0097,0.7,Na,16.0369206,16.04,15.85145865,14.00717996,135.8696456
27,1,0,10,2,root,0.0043,0.7,Na,3.421472877,3.421,3.236010931,6.450520128,27.73723655
55,0,1,01,0,leaf,0.01027,0.7,Na,0.555720629,0.556,0.370258683,0.309021018,3.173645854
56,0,1,01,0,leaf,0.01377,0.7,Na,0.63734719,0.637,0.451885244,0.281285555,3.873302091
57,0,1,01,0,root,0.00161,0.7,Na,0.712358899,0.712,0.526896953,2.805130185,4.516259597
58,0,1,01,0,leaf,0.04048,0.5,Na,1.191356649,1.191,1.005894703,0.298190129,12.07073644
59,0,1,01,0,leaf,0.02221,0.5,Na,0.597437016,0.597,0.41197507,0.222588962,4.94370084
60,0,1,01,0,root,0.00136,0.7,Na,0.433191241,0.433,0.247729295,1.561319086,2.123393957
61,0,1,01,0,leaf,0.06928,0.4,Na,1.716459245,1.716,1.530997299,0.331480362,22.96495948
62,0,1,01,0,leaf,0.02692,0.5,Na,0.653934663,0.654,0.468472717,0.208828849,5.621672604
63,0,1,01,0,root,0.00205,0.7,Na,0.538873359,0.539,0.353411413,1.477678382,3.029240683
64,0,1,01,1,leaf,0.0158,0.7,Na,0.826495188,0.826,0.641033242,0.347757636,5.494570646
65,0,1,01,1,leaf,0.0042,0.7,Na,0.282783609,0.283,0.097321663,0.198615639,0.834185683
66,0,1,01,1,root,0.00109,0.7,Na,0.45108528,0.451,0.265623334,2.088781132,2.276771434
67,0,1,01,1,leaf,0.02225,0.5,Na,0.610580802,0.611,0.425118856,0.229277585,5.101426272
68,0,1,01,1,leaf,0.01885,0.7,Na,0.8674908,0.867,0.682028854,0.310130589,5.845961606
69,0,1,01,1,root,0.00414,0.7,Na,1.247657996,1.248,1.06219605,2.199163665,9.104537571
70,0,1,01,1,leaf,0.05336,0.5,Na,1.063975897,1.064,0.878513951,0.197566856,10.54216741
71,0,1,01,1,leaf,0.01974,0.7,Na,0.919957072,0.92,0.734495126,0.318929712,6.295672509
72,0,1,01,1,root,0.00194,0.7,Na,0.754404876,0.754,0.56894293,2.513739013,4.876653686
73,0,1,01,2,leaf,0.01725,0.7,Na,0.958329069,0.958,0.772867123,0.384033353,6.62457534
74,0,1,01,2,leaf,0.01065,0.7,Na,0.693623248,0.694,0.508161302,0.408982939,4.355668303
75,0,1,01,2,root,9.00E-04,0.7,Na,0.484853832,0.485,0.299391886,2.851351295,2.566216166
76,0,1,01,2,leaf,0.06388,0.4,Na,1.727399451,1.727,1.541937505,0.362070485,23.12906258
77,0,1,01,2,leaf,0.02182,0.5,Na,0.716426898,0.716,0.530964952,0.29200639,6.371579424
78,0,1,01,2,root,0.00432,0.7,Na,1.100393274,1.1,0.914931328,1.815339937,7.842268526
79,0,1,01,2,leaf,0.09999,0.4,Na,2.090389366,2.09,1.90492742,0.28576769,28.5739113
80,0,1,01,2,leaf,0.04808,0.5,Na,1.686345361,1.686,1.500883415,0.374596526,18.01060098
81,0,1,01,2,root,0.00432,0.7,Na,1.427887272,1.428,1.242425326,2.465129615,10.64935994
1,1,0,10,0,leaf,0.10951,0.4,K,87.61030516,87.61,87.51737935,11.98758735,1312.76069
2,1,0,10,0,leaf,0.026,0.5,K,67.35581419,67.36,67.26288838,31.04441002,807.1546606
3,1,0,10,0,root,0.0029,0.7,K,4.983286623,4.983,4.890360815,14.45426842,41.91737841
4,1,0,10,0,leaf,0.04946,0.5,K,66.60089481,66.6,66.507969,16.13618334,798.095628
5,1,0,10,0,leaf,0.01384,0.7,K,27.23112127,27.23,27.13819546,16.8073052,232.613104
6,1,0,10,0,root,8.70E-04,0.7,K,0.277616309,0.278,0.184690501,1.819610847,1.583061437
7,1,0,10,0,leaf,0.06652,0.4,K,87.46629724,87.47,87.37337143,19.70235375,1310.600571
8,1,0,10,0,leaf,0.04741,0.5,K,119.4850541,119.5,119.3921283,30.21947985,1432.70554
9,1,0,10,0,root,0.00169,0.7,K,2.796949661,2.797,2.704023853,13.71440669,23.17734731
10,1,0,10,1,leaf,0.06685,0.4,K,75.21366645,75.21,75.12074064,16.85581316,1126.81111
11,1,0,10,1,leaf,0.0075,0.7,K,18.7694513,18.77,18.67652549,21.34460056,160.0845042
12,1,0,10,1,root,0.00146,0.7,K,1.65768861,1.658,1.564762802,9.186474376,13.41225259
13,1,0,10,1,leaf,0.01357,0.7,K,14.46999875,14.47,14.37707294,9.081212512,123.2320538
14,1,0,10,1,leaf,0.00244,0.7,K,2.962221107,2.962,2.869295299,10.07949168,24.59395971
15,1,0,10,1,root,8.60E-04,0.7,K,0.279112333,0.279,0.186186525,1.855679651,1.5958845
16,1,0,10,1,leaf,0.03447,0.5,K,78.21248987,78.21,78.11956406,27.19567069,937.4347687
17,1,0,10,1,leaf,0.01089,0.7,K,32.06982974,32.07,31.97690393,25.16875555,274.087748
18,1,0,10,1,root,0.0102,0.7,K,4.035383729,4.035,3.942457921,3.31298985,33.79249647
19,1,0,10,2,leaf,0.03178,0.5,K,47.06255836,47.06,46.96963255,17.73554407,563.6355906
20,1,0,10,2,leaf,0.00796,0.7,K,25.573736,25.57,25.48081019,27.43805835,218.4069445
21,1,0,10,2,root,0.00145,0.7,K,0.665214047,0.665,0.572288239,3.382984664,4.905327763
22,1,0,10,2,leaf,0.01486,0.7,K,19.22581172,19.23,19.13288591,11.03608109,163.996165
23,1,0,10,2,leaf,0.00285,0.7,K,4.551212673,4.551,4.458286865,13.40838155,38.21388741
24,1,0,10,2,root,0.00329,0.7,K,0.74272545,0.743,0.649799642,1.692921343,5.569711217
25,1,0,10,2,leaf,0.03215,0.5,K,72.83250429,72.83,72.73957848,27.15007595,872.8749418
26,1,0,10,2,leaf,0.0097,0.7,K,30.71442691,30.71,30.6215011,27.05876386,262.4700094
27,1,0,10,2,root,0.0043,0.7,K,1.286258954,1.286,1.193333146,2.378737168,10.22856982
55,0,1,01,0,leaf,0.01027,0.7,K,13.28787273,13.29,13.19494692,11.01261393,113.099545
56,0,1,01,0,leaf,0.01377,0.7,K,26.39100508,26.39,26.29807927,16.36979724,225.412108
57,0,1,01,0,root,0.00161,0.7,K,0.98226904,0.982,0.889343232,4.734746577,7.622941989
58,0,1,01,0,leaf,0.04048,0.5,K,40.90189842,40.9,40.80897261,12.09752153,489.7076713
59,0,1,01,0,leaf,0.02221,0.5,K,20.46364949,20.46,20.37072368,11.00624422,244.4486842
60,0,1,01,0,root,0.00136,0.7,K,0.576018235,0.576,0.483092427,3.04470017,4.140792231
61,0,1,01,0,leaf,0.06928,0.4,K,51.41162009,51.41,51.31869428,11.11114917,769.7804142
62,0,1,01,0,leaf,0.02692,0.5,K,31.18197728,31.18,31.08905147,13.85841819,373.0686177
63,0,1,01,0,root,0.00205,0.7,K,0.999891758,1,0.90696595,3.792192125,7.773993857
64,0,1,01,1,leaf,0.0158,0.7,K,27.68378221,27.68,27.5908564,14.96791487,236.4930549
65,0,1,01,1,leaf,0.0042,0.7,K,6.404442253,6.404,6.311516445,12.88064581,54.09871239
66,0,1,01,1,root,0.00109,0.7,K,0.534953939,0.535,0.442028131,3.475974818,3.788812551
67,0,1,01,1,leaf,0.02225,0.5,K,23.40693558,23.41,23.31400977,12.57384797,279.7681173
68,0,1,01,1,leaf,0.01885,0.7,K,25.30705469,25.31,25.21412888,11.46531059,216.1211047
69,0,1,01,1,root,0.00414,0.7,K,1.170769433,1.171,1.077843625,2.2315603,9.238659643
70,0,1,01,1,leaf,0.05336,0.5,K,40.03762649,40.04,39.94470068,8.98306612,479.3364082
71,0,1,01,1,leaf,0.01974,0.7,K,28.38188121,28.38,28.2889554,12.28352384,242.4767606
72,0,1,01,1,root,0.00194,0.7,K,0.718054232,0.718,0.625128424,2.761981255,5.358243634
73,0,1,01,2,leaf,0.01725,0.7,K,29.64866295,29.65,29.55573714,14.68608057,253.3348898
74,0,1,01,2,leaf,0.01065,0.7,K,23.89515429,23.9,23.80222848,19.15672312,204.0191013
75,0,1,01,2,root,9.00E-04,0.7,K,0.271022535,0.271,0.178096727,1.696159305,1.526543374
76,0,1,01,2,leaf,0.06388,0.4,K,50.94803393,50.95,50.85510812,11.94155638,762.8266218
77,0,1,01,2,leaf,0.02182,0.5,K,18.7143799,18.71,18.62145409,10.24094634,223.4574491
78,0,1,01,2,root,0.00432,0.7,K,5.142560718,5.143,5.04963491,10.01911688,43.28258494
79,0,1,01,2,leaf,0.09999,0.4,K,49.60523582,49.61,49.51231001,7.427589261,742.6846502
80,0,1,01,2,leaf,0.04808,0.5,K,48.06472847,48.06,47.97180266,11.97299567,575.6616319
81,0,1,01,2,root,0.00432,0.7,K,1.410699637,1.411,1.317773829,2.614630613,11.29520425
1,1,0,10,0,leaf,0.10951,0.4,Fe,0.197924103,0.198,0.170874151,0.02340528,2.563112265
2,1,0,10,0,leaf,0.026,0.5,Fe,0.094855086,0.095,0.067805134,0.031294677,0.813661608
3,1,0,10,0,root,0.0029,0.7,Fe,2.048383736,2.048,2.021333784,5.974385568,17.32571815
4,1,0,10,0,leaf,0.04946,0.5,Fe,0.103601682,0.104,0.07655173,0.018573004,0.91862076
5,1,0,10,0,leaf,0.01384,0.7,Fe,0.062187006,0.062,0.035137054,0.021761181,0.301174749
6,1,0,10,0,root,8.70E-04,0.7,Fe,1.103418605,1.103,1.076368653,10.60461727,9.226017026
7,1,0,10,0,leaf,0.06652,0.4,Fe,0.112276163,0.112,0.085226211,0.019218177,1.278393165
8,1,0,10,0,leaf,0.04741,0.5,Fe,0.12384937,0.124,0.096799418,0.024501013,1.161593016
9,1,0,10,0,root,0.00169,0.7,Fe,1.323411354,1.323,1.296361402,6.574952166,11.11166916
10,1,0,10,1,leaf,0.06685,0.4,Fe,0.098948901,0.099,0.071898949,0.016132898,1.078484235
11,1,0,10,1,leaf,0.0075,0.7,Fe,0.05712658,0.057,0.030076628,0.034373289,0.257799669
12,1,0,10,1,root,0.00146,0.7,Fe,1.307073742,1.307,1.28002379,7.514816771,10.97163249
13,1,0,10,1,leaf,0.01357,0.7,Fe,0.062631413,0.063,0.035581461,0.022474867,0.304983951
14,1,0,10,1,leaf,0.00244,0.7,Fe,0.037249279,0.037,0.010199327,0.035829018,0.087422803
15,1,0,10,1,root,8.60E-04,0.7,Fe,1.813194486,1.813,1.786144534,17.80210499,15.30981029
16,1,0,10,1,leaf,0.03447,0.5,Fe,0.100243544,0.1,0.073193592,0.025480798,0.878323104
17,1,0,10,1,leaf,0.01089,0.7,Fe,0.107704707,0.108,0.080654755,0.063482688,0.691326471
18,1,0,10,1,root,0.0102,0.7,Fe,13.74116224,13.74,13.71411229,11.52446411,117.5495339
19,1,0,10,2,leaf,0.03178,0.5,Fe,0.081497696,0.081,0.054447744,0.020559249,0.653372928
20,1,0,10,2,leaf,0.00796,0.7,Fe,0.058187901,0.058,0.031137949,0.033529737,0.266896706
21,1,0,10,2,root,0.00145,0.7,Fe,0.902816001,0.903,0.875766049,5.176942162,7.506566134
22,1,0,10,2,leaf,0.01486,0.7,Fe,0.057550642,0.058,0.03050069,0.017593169,0.261434486
23,1,0,10,2,leaf,0.00285,0.7,Fe,0.051913398,0.052,0.024863446,0.074777281,0.213115251
24,1,0,10,2,root,0.00329,0.7,Fe,1.51474325,1.515,1.487693298,3.875883538,12.75165684
25,1,0,10,2,leaf,0.03215,0.5,Fe,0.113021721,0.113,0.085971769,0.032088996,1.031661228
26,1,0,10,2,leaf,0.0097,0.7,Fe,0.080485604,0.08,0.053435652,0.047218544,0.458019874
27,1,0,10,2,root,0.0043,0.7,Fe,3.574119027,3.574,3.547069075,7.070569585,30.40344921
55,0,1,01,0,leaf,0.01027,0.7,Fe,0.041221951,0.041,0.014171999,0.01182807,0.121474277
56,0,1,01,0,leaf,0.01377,0.7,Fe,0.059644906,0.06,0.032594954,0.02028942,0.27938532
57,0,1,01,0,root,0.00161,0.7,Fe,0.672635647,0.673,0.645585695,3.437013461,5.533591671
58,0,1,01,0,leaf,0.04048,0.5,Fe,0.084951761,0.085,0.057901809,0.017164568,0.694821708
59,0,1,01,0,leaf,0.02221,0.5,Fe,0.073362769,0.073,0.046312817,0.025022684,0.555753804
60,0,1,01,0,root,0.00136,0.7,Fe,0.905077338,0.905,0.878027386,5.533786046,7.525949023
61,0,1,01,0,leaf,0.06928,0.4,Fe,0.192922462,0.193,0.16587251,0.035913505,2.48808765
62,0,1,01,0,leaf,0.02692,0.5,Fe,0.075241436,0.075,0.048191484,0.021482088,0.578297808
63,0,1,01,0,root,0.00205,0.7,Fe,1.48855218,1.489,1.461502228,6.110810709,12.52716195
64,0,1,01,1,leaf,0.0158,0.7,Fe,0.061473995,0.061,0.034424043,0.018674888,0.295063226
65,0,1,01,1,leaf,0.0042,0.7,Fe,0.062124589,0.062,0.035074637,0.071580892,0.300639746
66,0,1,01,1,root,0.00109,0.7,Fe,0.370955782,0.371,0.34390583,2.704370878,2.947764257
67,0,1,01,1,leaf,0.02225,0.5,Fe,0.054648588,0.055,0.027598636,0.014884658,0.331183632
68,0,1,01,1,leaf,0.01885,0.7,Fe,0.079800313,0.08,0.052750361,0.023986523,0.452145951
69,0,1,01,1,root,0.00414,0.7,Fe,2.275895301,2.276,2.248845349,4.655994511,19.27581728
70,0,1,01,1,leaf,0.05336,0.5,Fe,0.170412499,0.17,0.143362547,0.032240453,1.720350564
71,0,1,01,1,leaf,0.01974,0.7,Fe,0.09857259,0.099,0.071522638,0.031056291,0.613051183
72,0,1,01,1,root,0.00194,0.7,Fe,1.4234436,1.423,1.396393648,6.169633202,11.96908841
73,0,1,01,2,leaf,0.01725,0.7,Fe,0.062565708,0.063,0.035515756,0.017647581,0.304420766
74,0,1,01,2,leaf,0.01065,0.7,Fe,0.054617434,0.055,0.027567482,0.022187108,0.236292703
75,0,1,01,2,root,9.00E-04,0.7,Fe,0.823698789,0.824,0.796648837,7.587131781,6.828418603
76,0,1,01,2,leaf,0.06388,0.4,Fe,0.087569848,0.088,0.060519896,0.014210996,0.90779844
77,0,1,01,2,leaf,0.02182,0.5,Fe,0.073480882,0.073,0.04643093,0.025534884,0.55717116
78,0,1,01,2,root,0.00432,0.7,Fe,1.057729846,1.058,1.030679894,2.04499979,8.834399091
79,0,1,01,2,leaf,0.09999,0.4,Fe,0.260014652,0.26,0.2329647,0.0349482,3.4944705
80,0,1,01,2,leaf,0.04808,0.5,Fe,0.108288181,0.108,0.081238229,0.020275764,0.974858748
81,0,1,01,2,root,0.00432,0.7,Fe,2.838381778,2.838,2.811331826,5.578039337,24.09712994
1,1,0,10,0,leaf,0.10951,0.4,Zn,0.297609267,0.298,0.290462576,0.039785761,4.35693864
2,1,0,10,0,leaf,0.026,0.5,Zn,0.200093789,0.2,0.192947098,0.089052507,2.315365176
3,1,0,10,0,root,0.0029,0.7,Zn,0.136130906,0.136,0.128984215,0.381234133,1.105578986
4,1,0,10,0,leaf,0.04946,0.5,Zn,0.138089845,0.138,0.130943154,0.031769467,1.571317848
5,1,0,10,0,leaf,0.01384,0.7,Zn,0.112295583,0.112,0.105148892,0.065121114,0.901276217
6,1,0,10,0,root,8.70E-04,0.7,Zn,0.04412155,0.044,0.036974859,0.364284325,0.316927363
7,1,0,10,0,leaf,0.06652,0.4,Zn,0.724667963,0.725,0.717521272,0.161798242,10.76281908
8,1,0,10,0,leaf,0.04741,0.5,Zn,0.280237571,0.28,0.27309088,0.069122349,3.27709056
9,1,0,10,0,root,0.00169,0.7,Zn,0.068471232,0.068,0.061324541,0.311028948,0.525638923
10,1,0,10,1,leaf,0.06685,0.4,Zn,0.383007737,0.383,0.375861046,0.084336809,5.63791569
11,1,0,10,1,leaf,0.0075,0.7,Zn,0.068648636,0.069,0.061501945,0.070287937,0.527159529
12,1,0,10,1,root,0.00146,0.7,Zn,0.080512551,0.081,0.07336586,0.430719335,0.628850229
13,1,0,10,1,leaf,0.01357,0.7,Zn,0.083206109,0.083,0.076059418,0.048042584,0.651937869
14,1,0,10,1,leaf,0.00244,0.7,Zn,0.022515297,0.023,0.015368606,0.053988077,0.131730909
15,1,0,10,1,root,8.60E-04,0.7,Zn,0.03368383,0.034,0.026537139,0.264489757,0.227461191
16,1,0,10,1,leaf,0.03447,0.5,Zn,0.242391536,0.242,0.235244845,0.081895507,2.82293814
17,1,0,10,1,leaf,0.01089,0.7,Zn,0.096175068,0.096,0.089028377,0.070073496,0.763100374
18,1,0,10,1,root,0.0102,0.7,Zn,0.606311025,0.606,0.599164334,0.50349944,5.135694291
19,1,0,10,2,leaf,0.03178,0.5,Zn,0.15827765,0.158,0.151130959,0.057066441,1.813571508
20,1,0,10,2,leaf,0.00796,0.7,Zn,0.076230307,0.076,0.069083616,0.074390111,0.59214528
21,1,0,10,2,root,0.00145,0.7,Zn,0.094165964,0.094,0.087019273,0.514399643,0.745879483
22,1,0,10,2,leaf,0.01486,0.7,Zn,0.071430113,0.071,0.064283422,0.037079459,0.55100076
23,1,0,10,2,leaf,0.00285,0.7,Zn,0.041800083,0.042,0.034653392,0.104220728,0.297029074
24,1,0,10,2,root,0.00329,0.7,Zn,0.030472751,0.03,0.02332606,0.060771324,0.199937657
25,1,0,10,2,leaf,0.03215,0.5,Zn,0.233223797,0.233,0.226077106,0.084383368,2.712925272
26,1,0,10,2,leaf,0.0097,0.7,Zn,0.097068791,0.097,0.0899221,0.079459882,0.770760857
27,1,0,10,2,root,0.0043,0.7,Zn,0.122790783,0.123,0.115644092,0.230519785,0.991235074
55,0,1,01,0,leaf,0.01027,0.7,Zn,0.02410635,0.024,0.016959659,0.014154674,0.145368506
56,0,1,01,0,leaf,0.01377,0.7,Zn,0.069379632,0.069,0.062232941,0.038738214,0.533425209
57,0,1,01,0,root,0.00161,0.7,Zn,0.060709961,0.061,0.05356327,0.285163815,0.459113743
58,0,1,01,0,leaf,0.04048,0.5,Zn,0.249736526,0.25,0.242589835,0.071913983,2.91107802
59,0,1,01,0,leaf,0.02221,0.5,Zn,0.083353924,0.083,0.076207233,0.041174552,0.914486796
60,0,1,01,0,root,0.00136,0.7,Zn,0.195811935,0.196,0.188665244,1.189066664,1.617130663
61,0,1,01,0,leaf,0.06928,0.4,Zn,0.353550206,0.354,0.346403515,0.075000761,5.196052725
62,0,1,01,0,leaf,0.02692,0.5,Zn,0.086734984,0.087,0.079588293,0.035477694,0.955059516
63,0,1,01,0,root,0.00205,0.7,Zn,0.068435018,0.068,0.061288327,0.256257813,0.525328517
64,0,1,01,1,leaf,0.0158,0.7,Zn,0.054405813,0.054,0.047259122,0.02563786,0.405078189
65,0,1,01,1,leaf,0.0042,0.7,Zn,0.024194308,0.024,0.017047617,0.034791055,0.146122431
66,0,1,01,1,root,0.00109,0.7,Zn,0.034790262,0.035,0.027643571,0.217380637,0.236944894
67,0,1,01,1,leaf,0.02225,0.5,Zn,0.189881098,0.19,0.182734407,0.098553388,2.192812884
68,0,1,01,1,leaf,0.01885,0.7,Zn,0.083934382,0.084,0.076787691,0.034916722,0.658180209
69,0,1,01,1,root,0.00414,0.7,Zn,0.701791338,0.702,0.694644647,1.438187675,5.954096974
70,0,1,01,1,leaf,0.05336,0.5,Zn,0.323241935,0.323,0.316095244,0.071085887,3.793142928
71,0,1,01,1,leaf,0.01974,0.7,Zn,0.098539225,0.099,0.091392534,0.039684122,0.783364577
72,0,1,01,1,root,0.00194,0.7,Zn,0.049327472,0.049,0.042180781,0.186365748,0.361549551
73,0,1,01,2,leaf,0.01725,0.7,Zn,0.05277526,0.053,0.045628569,0.022672581,0.39110202
74,0,1,01,2,leaf,0.01065,0.7,Zn,0.058424327,0.058,0.051277636,0.041269727,0.439522594
75,0,1,01,2,root,9.00E-04,0.7,Zn,0.044906212,0.045,0.037759521,0.359614486,0.323653037
76,0,1,01,2,leaf,0.06388,0.4,Zn,0.256588065,0.257,0.249441374,0.058572646,3.74162061
77,0,1,01,2,leaf,0.02182,0.5,Zn,0.072315299,0.072,0.065168608,0.035839748,0.782023296
78,0,1,01,2,root,0.00432,0.7,Zn,0.627924663,0.628,0.620777972,1.231702325,5.320954046
79,0,1,01,2,leaf,0.09999,0.4,Zn,0.423256284,0.423,0.416109593,0.062422681,6.241643895
80,0,1,01,2,leaf,0.04808,0.5,Zn,0.199657036,0.2,0.192510345,0.048047507,2.31012414
81,0,1,01,2,root,0.00432,0.7,Zn,0.157675865,0.158,0.150529174,0.298668996,1.290250063
28,0,0,00,0,leaf,0.00567,0.7,Cd,0.007017606,0.007,0.002572239,0.003888494,0.022047763
29,0,0,00,0,leaf,0.0034,0.7,Cd,0.006955939,0.007,0.002510572,0.006329173,0.021519189
30,0,0,00,0,root,4.40E-04,0.9,Cd,0.006087878,0.006,0.001642511,0.02488653,0.010950073
31,0,0,00,0,leaf,0.02381,0.7,Cd,0.006578702,0.007,0.002133335,7.68E-04,0.018285729
32,0,0,00,0,leaf,0.00592,0.7,Cd,8.61E-04,0.001,0,0,0
33,0,0,00,0,root,6.60E-04,0.9,Cd,0,0,0,0,0
34,0,0,00,0,leaf,0.04599,0.7,Cd,0.006337639,0.006,0.001892272,3.53E-04,0.016219474
35,0,0,00,0,leaf,0.01297,0.7,Cd,0.005308046,0.005,8.63E-04,5.70E-04,0.007394391
36,0,0,00,0,root,0.00181,0.7,Cd,0.006270254,0.006,0.001824887,0.008641927,0.015641889
37,0,0,00,1,leaf,0.0067,0.7,Cd,0.006218319,0.006,0.001772952,0.002268169,0.015196731
38,0,0,00,1,leaf,0.00494,0.7,Cd,0.004898394,0.005,4.53E-04,7.86E-04,0.003883089
39,0,0,00,1,root,4.50E-04,0.9,Cd,0.006316509,0.006,0.001871142,0.027720622,0.01247428
40,0,0,00,1,leaf,0.02266,0.7,Cd,0.005711163,0.006,0.001265796,4.79E-04,0.01084968
41,0,0,00,1,leaf,0.0201,0.7,Cd,0.005744536,0.006,0.001299169,5.54E-04,0.011135734
42,0,0,00,1,root,0.00206,0.7,Cd,0.00483294,0.005,3.88E-04,0.001612648,0.003322054
43,0,0,00,1,leaf,0.05449,0.7,Cd,0.004222068,0.004,0,0,0
44,0,0,00,1,leaf,0.03535,0.7,Cd,0.006242899,0.006,0.001797532,4.36E-04,0.015407417
45,0,0,00,1,root,0.00493,0.7,Cd,0,0,0,0,0
46,0,0,00,2,leaf,0.00734,0.7,Cd,0.006680086,0.007,0.002234719,0.002609637,0.019154734
47,0,0,00,2,leaf,0.00558,0.7,Cd,0.00454305,0.005,9.77E-05,1.50E-04,8.37E-04
48,0,0,00,2,root,6.90E-04,0.9,Cd,0.005609245,0.006,0.001163878,0.011245198,0.007759187
49,0,0,00,2,leaf,0.03089,0.7,Cd,0.005740457,0.006,0.00129509,3.59E-04,0.011100771
50,0,0,00,2,leaf,0.0157,0.7,Cd,0.004626649,0.005,1.81E-04,9.90E-05,0.001553846
51,0,0,00,2,root,0.00293,0.7,Cd,0.005108282,0.005,6.63E-04,0.001939293,0.005682129
52,0,0,00,2,leaf,0.05331,0.7,Cd,0.005070288,0.005,6.25E-04,1.00E-04,0.005356466
53,0,0,00,2,leaf,0.01395,0.7,Cd,0.004426483,0.004,0,0,0
54,0,0,00,2,root,0.0067,0.7,Cd,0.005589393,0.006,0.001144026,0.001463573,0.009805937
82,1,1,11,0,leaf,0.02167,0.7,Cd,0.004871271,0.005,4.26E-04,1.68E-04,0.003650606
83,1,1,11,0,leaf,0.00766,0.7,Cd,0.005593689,0.006,0.001148322,0.001284956,0.00984276
84,1,1,11,0,root,0.00413,0.7,Cd,0.01153642,0.012,0.007091053,0.014716817,0.060780454
85,1,1,11,0,leaf,0.08326,0.7,Cd,0.005529956,0.006,0.001084589,1.12E-04,0.009296477
86,1,1,11,0,leaf,0.02175,0.7,Cd,0.00505236,0.005,6.07E-04,2.39E-04,0.005202797
87,1,1,11,0,root,0.00262,0.7,Cd,0.009072841,0.009,0.004627474,0.015138955,0.039664063
88,1,1,11,0,leaf,0.01696,0.7,Cd,0.005463773,0.005,0.001018406,5.15E-04,0.008729194
89,1,1,11,0,leaf,0.02156,0.7,Cd,0.004604436,0.005,1.59E-04,6.32E-05,0.001363449
90,1,1,11,0,root,0.00338,0.7,Cd,0.013420966,0.013,0.008975599,0.022761451,0.076933706
91,1,1,11,1,leaf,0.02091,0.7,Cd,0.009507669,0.01,0.005062302,0.002075139,0.04339116
92,1,1,11,1,leaf,0.00779,0.7,Cd,0.007524127,0.008,0.00307876,0.003387596,0.026389371
93,1,1,11,1,root,0.0019,0.7,Cd,0.01033172,0.01,0.005886353,0.026554976,0.050454454
94,1,1,11,1,leaf,0.08039,0.7,Cd,0.007875554,0.008,0.003430187,3.66E-04,0.029401603
95,1,1,11,1,leaf,0.02439,0.7,Cd,0.006790051,0.007,0.002344684,8.24E-04,0.020097291
96,1,1,11,1,root,8.60E-04,0.9,Cd,0.022164368,0.022,0.017719001,0.137356597,0.118126673
97,1,1,11,1,leaf,0.02143,0.7,Cd,0.00550368,0.006,0.001058313,4.23E-04,0.009071254
98,1,1,11,1,leaf,0.01283,0.7,Cd,0.004174916,0.004,0,0,0
99,1,1,11,1,root,0.00403,0.7,Cd,0.016842301,0.017,0.012396934,0.026367105,0.106259434
100,1,1,11,2,leaf,0.01067,0.7,Cd,0.01762088,0.018,0.013175513,0.010584158,0.112932969
101,1,1,11,2,leaf,0.0064,0.7,Cd,0.014558885,0.015,0.010113518,0.01354489,0.086687297
102,1,1,11,2,root,0.00558,0.7,Cd,0.072988592,0.073,0.068543225,0.105289132,0.587513357
103,1,1,11,2,leaf,0.08275,0.7,Cd,0.007321494,0.007,0.002876127,2.98E-04,0.024652517
104,1,1,11,2,leaf,0.02628,0.7,Cd,0.006536758,0.007,0.002091391,6.82E-04,0.017926209
105,1,1,11,2,root,0.01388,0.7,Cd,0.703041569,0.703,0.698596202,0.431409758,5.987967446
106,1,1,11,2,leaf,0.02069,0.7,Cd,0.001247143,0.001,0,0,0
107,1,1,11,2,leaf,0.01375,0.7,Cd,0.006803966,0.007,0.002358599,0.001470295,0.020216563
108,1,1,11,2,root,0.00681,0.7,Cd,0.023100468,0.023,0.018655101,0.023480303,0.159900866
28,0,0,00,0,leaf,0.00567,0.7,Na,0.232370428,0.232,0,0,0
29,0,0,00,0,leaf,0.0034,0.7,Na,0.227859393,0.228,0,0,0
30,0,0,00,0,root,4.40E-04,0.9,Na,0.279103879,0.279,0,0,0
31,0,0,00,0,leaf,0.02381,0.7,Na,1.968999667,1.969,1.606029293,0.578158982,13.76596537
32,0,0,00,0,leaf,0.00592,0.7,Na,0.430906712,0.431,0.067936338,0.098363424,0.582311469
33,0,0,00,0,root,6.60E-04,0.9,Na,0.464336331,0.464,0.101365957,1.023898556,0.675773047
34,0,0,00,0,leaf,0.04599,0.7,Na,2.616565822,2.617,2.253595448,0.420015925,19.31653241
35,0,0,00,0,leaf,0.01297,0.7,Na,0.626883913,0.627,0.263913539,0.174411415,2.262116049
36,0,0,00,0,root,0.00181,0.7,Na,0.718587064,0.719,0.35561669,1.684056938,3.048143057
37,0,0,00,1,leaf,0.0067,0.7,Na,0.227759537,0.228,0,0,0
38,0,0,00,1,leaf,0.00494,0.7,Na,0.251450512,0.251,0,0,0
39,0,0,00,1,root,4.50E-04,0.9,Na,0.487308012,0.487,0.124337638,1.842039081,0.828917587
40,0,0,00,1,leaf,0.02266,0.7,Na,1.001714336,1.002,0.638743962,0.241612897,5.474948246
41,0,0,00,1,leaf,0.0201,0.7,Na,0.973078148,0.973,0.610107774,0.260173891,5.229495206
42,0,0,00,1,root,0.00206,0.7,Na,0.909096004,0.909,0.54612563,2.272367393,4.681076829
43,0,0,00,1,leaf,0.05449,0.7,Na,3.834934292,3.835,3.471963918,0.546149582,29.75969073
44,0,0,00,1,leaf,0.03535,0.7,Na,1.947944119,1.948,1.584973745,0.384313699,13.58548924
45,0,0,00,1,root,0.00493,0.7,Na,2.32391997,2.324,1.960949596,3.409358904,16.80813939
46,0,0,00,2,leaf,0.00734,0.7,Na,0.312555098,0.313,0,0,0
47,0,0,00,2,leaf,0.00558,0.7,Na,0.065292153,0.065,0,0,0
48,0,0,00,2,root,6.90E-04,0.9,Na,0.341303755,0.341,0,0,0
49,0,0,00,2,leaf,0.03089,0.7,Na,1.011704234,1.012,0.64873386,0.18001217,5.560575943
50,0,0,00,2,leaf,0.0157,0.7,Na,0.801321637,0.801,0.438351263,0.239318251,3.75729654
51,0,0,00,2,root,0.00293,0.7,Na,0.747384013,0.747,0.384413639,1.124564522,3.294974049
52,0,0,00,2,leaf,0.05331,0.7,Na,4.154489362,4.154,3.791518988,0.609617974,32.49873418
53,0,0,00,2,leaf,0.01395,0.7,Na,0.730368163,0.73,0.367397789,0.225743649,3.149123906
54,0,0,00,2,root,0.0067,0.7,Na,1.444870853,1.445,1.081900479,1.384094429,9.273432677
82,1,1,11,0,leaf,0.02167,0.7,Na,1.61303941,1.613,1.250069036,0.494456735,10.71487745
83,1,1,11,0,leaf,0.00766,0.7,Na,0.495536287,0.496,0.132565913,0.148339328,1.136279254
84,1,1,11,0,root,0.00413,0.7,Na,2.274776827,2.275,1.911806453,3.967775413,16.38691245
85,1,1,11,0,leaf,0.08326,0.7,Na,5.228278792,5.228,4.865308418,0.500872491,41.70264358
86,1,1,11,0,leaf,0.02175,0.7,Na,1.158044737,1.158,0.795074363,0.313329798,6.814923111
87,1,1,11,0,root,0.00262,0.7,Na,1.421345259,1.421,1.058374885,3.462513255,9.071784729
88,1,1,11,0,leaf,0.01696,0.7,Na,1.163728551,1.164,0.800758177,0.404695844,6.863641517
89,1,1,11,0,leaf,0.02156,0.7,Na,0.615133044,0.615,0.25216267,0.1002502,2.161394314
90,1,1,11,0,root,0.00338,0.7,Na,1.787859262,1.788,1.424888888,3.613412227,12.21333333
91,1,1,11,1,leaf,0.02091,0.7,Na,25.20815017,25.21,24.8451798,10.18453773,212.958684
92,1,1,11,1,leaf,0.00779,0.7,Na,9.230455333,9.23,8.867484959,9.756997938,76.00701393
93,1,1,11,1,root,0.0019,0.7,Na,1.336243817,1.336,0.973273443,4.390707262,8.342343797
94,1,1,11,1,leaf,0.08039,0.7,Na,6.134839295,6.135,5.771868921,0.615414382,49.47316218
95,1,1,11,1,leaf,0.02439,0.7,Na,1.025494783,1.025,0.662524409,0.232832335,5.678780649
96,1,1,11,1,root,8.60E-04,0.9,Na,1.165900764,1.166,0.80293039,6.224266589,5.352869267
97,1,1,11,1,leaf,0.02143,0.7,Na,1.279403837,1.279,0.916433463,0.366548949,7.855143969
98,1,1,11,1,leaf,0.01283,0.7,Na,0.458204772,0.458,0.095234398,0.063623916,0.81629484
99,1,1,11,1,root,0.00403,0.7,Na,2.577744981,2.578,2.214774607,4.710615967,18.98378235
100,1,1,11,2,leaf,0.01067,0.7,Na,12.05880905,12.06,11.69583868,9.395505698,100.2500458
101,1,1,11,2,leaf,0.0064,0.7,Na,22.87231723,22.87,22.50934686,30.14644668,192.9372588
102,1,1,11,2,root,0.00558,0.7,Na,3.930866239,3.931,3.567895865,5.48063881,30.58196456
103,1,1,11,2,leaf,0.08275,0.7,Na,7.528781824,7.529,7.16581145,0.742250647,61.421241
104,1,1,11,2,leaf,0.02628,0.7,Na,1.332935159,1.333,0.969964785,0.316361639,8.313983871
105,1,1,11,2,root,0.01388,0.7,Na,13.37172193,13.37,13.00875156,8.033399479,111.5035848
106,1,1,11,2,leaf,0.02069,0.7,Na,1.185362028,1.185,0.822391654,0.340699435,7.04907132
107,1,1,11,2,leaf,0.01375,0.7,Na,0.637177394,0.637,0.27420702,0.170934246,2.350345886
108,1,1,11,2,root,0.00681,0.7,Na,4.295799128,4.296,3.932828754,4.950067658,33.70996075
28,0,0,00,0,leaf,0.00567,0.7,K,0.533033335,0.533,0.48556188,0.734031565,4.161958971
29,0,0,00,0,leaf,0.0034,0.7,K,1.694468047,1.694,1.646996592,4.152092249,14.11711365
30,0,0,00,0,root,4.40E-04,0.9,K,0.216571191,0.217,0.169099736,2.562117212,1.127331573
31,0,0,00,0,leaf,0.02381,0.7,K,44.14494263,44.14,44.09747118,15.87477213,377.9783244
32,0,0,00,0,leaf,0.00592,0.7,K,12.04193466,12.04,11.99446321,17.36650078,102.8096846
33,0,0,00,0,root,6.60E-04,0.9,K,0.600823751,0.601,0.553352296,5.589417131,3.689015307
34,0,0,00,0,leaf,0.04599,0.7,K,116.2805266,116.3,116.2330551,21.66304261,996.2833298
35,0,0,00,0,leaf,0.01297,0.7,K,27.0628358,27.06,27.01536435,17.85352859,231.5602658
36,0,0,00,0,root,0.00181,0.7,K,1.804747111,1.805,1.757275656,8.321747384,15.06236277
37,0,0,00,1,leaf,0.0067,0.7,K,0.617271972,0.617,0.569800517,0.728955885,4.884004431
38,0,0,00,1,leaf,0.00494,0.7,K,2.238854865,2.239,2.19138341,3.802284691,18.78328637
39,0,0,00,1,root,4.50E-04,0.9,K,0.90575131,0.906,0.858279855,12.71525711,5.7218657
40,0,0,00,1,leaf,0.02266,0.7,K,17.60369417,17.6,17.55622272,6.640860944,150.481909
41,0,0,00,1,leaf,0.0201,0.7,K,39.45252466,39.45,39.40505321,16.80386064,337.7575989
42,0,0,00,1,root,0.00206,0.7,K,2.332282559,2.332,2.284811104,9.506842319,19.58409518
43,0,0,00,1,leaf,0.05449,0.7,K,74.14966053,74.15,74.10218908,11.65648047,635.1616206
44,0,0,00,1,leaf,0.03535,0.7,K,79.40295219,79.4,79.35548074,19.24157949,680.1898349
45,0,0,00,1,root,0.00493,0.7,K,4.352293672,4.352,4.304822217,7.48447792,36.89847615
46,0,0,00,2,leaf,0.00734,0.7,K,6.859314566,6.859,6.811843111,7.954663033,58.38722667
47,0,0,00,2,leaf,0.00558,0.7,K,0,0,0,0,0
48,0,0,00,2,root,6.90E-04,0.9,K,0.299684729,0.3,0.252213274,2.436843227,1.681421827
49,0,0,00,2,leaf,0.03089,0.7,K,30.98942627,30.99,30.94195482,8.585845114,265.2167556
50,0,0,00,2,leaf,0.0157,0.7,K,30.6821845,30.68,30.63471305,16.72504807,262.5832547
51,0,0,00,2,root,0.00293,0.7,K,2.976986536,2.977,2.929515081,8.570009988,25.11012927
52,0,0,00,2,leaf,0.05331,0.7,K,112.5078324,112.5,112.4603609,18.08189741,963.945951
53,0,0,00,2,leaf,0.01395,0.7,K,30.61299849,30.61,30.56552704,18.78066177,261.9902317
54,0,0,00,2,root,0.0067,0.7,K,3.060386312,3.06,3.012914857,3.854475297,25.82498449
82,1,1,11,0,leaf,0.02167,0.7,K,61.3587165,61.36,61.31124505,24.25126708,525.5249575
83,1,1,11,0,leaf,0.00766,0.7,K,19.97947634,19.98,19.93200489,22.30362352,170.8457562
84,1,1,11,0,root,0.00413,0.7,K,2.045874858,2.046,1.998403403,4.14749928,17.12917203
85,1,1,11,0,leaf,0.08326,0.7,K,29.91204354,29.91,29.86457209,3.074490109,255.9820464
86,1,1,11,0,leaf,0.02175,0.7,K,40.12553205,40.13,40.0780606,15.79430959,343.5262337
87,1,1,11,0,root,0.00262,0.7,K,0.363329625,0.363,0.31585817,1.033341887,2.707355743
88,1,1,11,0,leaf,0.01696,0.7,K,54.45747417,54.46,54.41000272,27.49831674,466.3714518
89,1,1,11,0,leaf,0.02156,0.7,K,39.60379047,39.6,39.55631902,15.72607435,339.054163
90,1,1,11,0,root,0.00338,0.7,K,0.660730373,0.661,0.613258918,1.555178997,5.256505011
91,1,1,11,1,leaf,0.02091,0.7,K,42.95484613,42.95,42.90737468,17.58859384,367.7774972
92,1,1,11,1,leaf,0.00779,0.7,K,18.11536522,18.12,18.06789377,19.8803159,154.8676608
93,1,1,11,1,root,0.0019,0.7,K,0.54754688,0.548,0.500075425,2.255979361,4.286360786
94,1,1,11,1,leaf,0.08039,0.7,K,77.20033298,77.2,77.15286153,8.22627493,661.3102416
95,1,1,11,1,leaf,0.02439,0.7,K,36.31522871,36.32,36.26775726,12.74565358,310.8664908
96,1,1,11,1,root,8.60E-04,0.9,K,0.273986214,0.274,0.226514759,1.755928364,1.510098393
97,1,1,11,1,leaf,0.02143,0.7,K,59.55135398,59.55,59.50388253,23.79996635,510.0332788
98,1,1,11,1,leaf,0.01283,0.7,K,21.76060446,21.76,21.71313301,14.50604588,186.1125686
99,1,1,11,1,root,0.00403,0.7,K,0.393209845,0.393,0.34573839,0.735352832,2.963471914
100,1,1,11,2,leaf,0.01067,0.7,K,42.48089737,42.48,42.43342592,34.0876363,363.7150793
101,1,1,11,2,leaf,0.0064,0.7,K,20.91934849,20.92,20.87187704,27.95340674,178.9018032
102,1,1,11,2,root,0.00558,0.7,K,0.840810104,0.841,0.793338649,1.218646158,6.800045563
103,1,1,11,2,leaf,0.08275,0.7,K,87.74578687,87.75,87.69831542,9.083986059,751.6998464
104,1,1,11,2,leaf,0.02628,0.7,K,40.8320166,40.83,40.78454515,13.30219998,349.5818155
105,1,1,11,2,root,0.01388,0.7,K,2.100492145,2.1,2.05302069,1.267818458,17.5973202
106,1,1,11,2,leaf,0.02069,0.7,K,52.50185063,52.5,52.45437918,21.73073776,449.6089644
107,1,1,11,2,leaf,0.01375,0.7,K,24.50101506,24.5,24.45354361,15.24376744,209.6018023
108,1,1,11,2,root,0.00681,0.7,K,0.542964982,0.543,0.495493527,0.623654534,4.247087374
28,0,0,00,0,leaf,0.00567,0.7,Fe,0.054628782,0.055,0.033039659,0.049946574,0.283197077
29,0,0,00,0,leaf,0.0034,0.7,Fe,0.065591387,0.066,0.044002264,0.110930077,0.377162263
30,0,0,00,0,root,4.40E-04,0.9,Fe,0.148504697,0.149,0.126915574,1.922963242,0.846103827
31,0,0,00,0,leaf,0.02381,0.7,Fe,0.067134661,0.067,0.045545538,0.016396066,0.390390326
32,0,0,00,0,leaf,0.00592,0.7,Fe,0.063116395,0.063,0.041527272,0.060126359,0.355948046
33,0,0,00,0,root,6.60E-04,0.9,Fe,0.657769733,0.658,0.63618061,6.426066768,4.241204067
34,0,0,00,0,leaf,0.04599,0.7,Fe,0.146591075,0.147,0.125001952,0.023297354,1.071445303
35,0,0,00,0,leaf,0.01297,0.7,Fe,0.059422237,0.059,0.037833114,0.025002609,0.324283834
36,0,0,00,0,root,0.00181,0.7,Fe,1.357710281,1.358,1.336121158,6.327329872,11.45246707
37,0,0,00,1,leaf,0.0067,0.7,Fe,0.055182942,0.055,0.033593819,0.042977167,0.28794702
38,0,0,00,1,leaf,0.00494,0.7,Fe,0.027077949,0.027,0.005488826,0.0095237,0.04704708
39,0,0,00,1,root,4.50E-04,0.9,Fe,0.278125616,0.278,0.256536493,3.800540637,1.710243287
40,0,0,00,1,leaf,0.02266,0.7,Fe,0.075399874,0.075,0.053810751,0.02035459,0.461235009
41,0,0,00,1,leaf,0.0201,0.7,Fe,0.068902461,0.069,0.047313338,0.020176264,0.405542897
42,0,0,00,1,root,0.00206,0.7,Fe,0.974981617,0.975,0.953392494,3.96695906,8.171935663
43,0,0,00,1,leaf,0.05449,0.7,Fe,0.178712712,0.179,0.157123589,0.024715978,1.34677362
44,0,0,00,1,leaf,0.03535,0.7,Fe,0.137595729,0.138,0.116006606,0.028128496,0.994342337
45,0,0,00,1,root,0.00493,0.7,Fe,3.417441045,3.417,3.395851922,5.904118091,29.10730219
46,0,0,00,2,leaf,0.00734,0.7,Fe,0.038832602,0.039,0.017243479,0.02013641,0.147801249
47,0,0,00,2,leaf,0.00558,0.7,Fe,0.012628421,0.013,0,0,0
48,0,0,00,2,root,6.90E-04,0.9,Fe,0.194413892,0.194,0.172824769,1.669804531,1.152165127
49,0,0,00,2,leaf,0.03089,0.7,Fe,0.102463205,0.102,0.080874082,0.022441127,0.693206417
50,0,0,00,2,leaf,0.0157,0.7,Fe,0.060148386,0.06,0.038559263,0.021051463,0.330507969
51,0,0,00,2,root,0.00293,0.7,Fe,1.071670794,1.072,1.050081671,3.071911275,9.000700037
52,0,0,00,2,leaf,0.05331,0.7,Fe,0.20136834,0.201,0.179779217,0.028905735,1.540964717
53,0,0,00,2,leaf,0.01395,0.7,Fe,0.106008803,0.106,0.08441968,0.051870771,0.723597257
54,0,0,00,2,root,0.0067,0.7,Fe,3.868826774,3.869,3.847237651,4.921839212,32.97632272
82,1,1,11,0,leaf,0.02167,0.7,Fe,0.149019294,0.149,0.127430171,0.050404181,1.092258609
83,1,1,11,0,leaf,0.00766,0.7,Fe,0.120386719,0.12,0.098797596,0.110553073,0.846836537
84,1,1,11,0,root,0.00413,0.7,Fe,3.962669837,3.963,3.941080714,8.17934427,33.78069183
85,1,1,11,0,leaf,0.08326,0.7,Fe,0.676990616,0.677,0.655401493,0.0674721,5.617727083
86,1,1,11,0,leaf,0.02175,0.7,Fe,0.29654366,0.297,0.274954537,0.108356468,2.356753174
87,1,1,11,0,root,0.00262,0.7,Fe,3.973202778,3.973,3.951613655,12.92785274,33.87097419
88,1,1,11,0,leaf,0.01696,0.7,Fe,0.372504097,0.373,0.350914974,0.177349212,3.007842634
89,1,1,11,0,leaf,0.02156,0.7,Fe,0.170970438,0.171,0.149381315,0.059388278,1.280411271
90,1,1,11,0,root,0.00338,0.7,Fe,4.710201461,4.71,4.688612338,11.88997212,40.18810575
91,1,1,11,1,leaf,0.02091,0.7,Fe,0.166678479,0.167,0.145089356,0.059475038,1.243623051
92,1,1,11,1,leaf,0.00779,0.7,Fe,0.106299997,0.106,0.084710874,0.09320837,0.726093206
93,1,1,11,1,root,0.0019,0.7,Fe,2.531774624,2.532,2.510185501,11.32414512,21.51587572
94,1,1,11,1,leaf,0.08039,0.7,Fe,1.420860646,1.421,1.399271523,0.149194625,11.99375591
95,1,1,11,1,leaf,0.02439,0.7,Fe,0.232639776,0.233,0.211050653,0.074169971,1.809005597
96,1,1,11,1,root,8.60E-04,0.9,Fe,3.538791161,3.539,3.517202038,27.26513208,23.44801359
97,1,1,11,1,leaf,0.02143,0.7,Fe,0.681343172,0.681,0.659754049,0.263884027,5.655034706
98,1,1,11,1,leaf,0.01283,0.7,Fe,0.093295992,0.093,0.071706869,0.047905714,0.614630306
99,1,1,11,1,root,0.00403,0.7,Fe,6.193852095,6.194,6.172262972,13.12781915,52.90511119
100,1,1,11,2,leaf,0.01067,0.7,Fe,0.139762246,0.14,0.118173123,0.094930879,1.012912483
101,1,1,11,2,leaf,0.0064,0.7,Fe,0.081531523,0.082,0.0599424,0.08028,0.513792
102,1,1,11,2,root,0.00558,0.7,Fe,4.556478243,4.556,4.53488912,6.966035515,38.87047817
103,1,1,11,2,leaf,0.08275,0.7,Fe,0.840369721,0.84,0.818780598,0.084811111,7.018119411
104,1,1,11,2,leaf,0.02628,0.7,Fe,0.254059433,0.254,0.23247031,0.075822019,1.992602657
105,1,1,11,2,root,0.01388,0.7,Fe,5.127359158,5.127,5.105770035,3.153007432,43.76374316
106,1,1,11,2,leaf,0.02069,0.7,Fe,0.545572862,0.546,0.523983739,0.21707536,4.491289191
107,1,1,11,2,leaf,0.01375,0.7,Fe,0.154738233,0.155,0.13314911,0.083002043,1.141278086
108,1,1,11,2,root,0.00681,0.7,Fe,7.355157078,7.355,7.333567955,9.230419075,62.8591539
28,0,0,00,0,leaf,0.00567,0.7,Zn,0.04180055,0.042,0.034831781,0.052655754,0.298558123
29,0,0,00,0,leaf,0.0034,0.7,Zn,0.01225612,0.012,0.005287351,0.013329456,0.045320151
30,0,0,00,0,root,4.40E-04,0.9,Zn,0.028712138,0.029,0.021743369,0.329444985,0.144955793
31,0,0,00,0,leaf,0.02381,0.7,Zn,0.561377984,0.561,0.554409215,0.199583326,4.752078986
32,0,0,00,0,leaf,0.00592,0.7,Zn,0.052725938,0.053,0.045757169,0.066250727,0.392204306
33,0,0,00,0,root,6.60E-04,0.9,Zn,0.05208919,0.052,0.045120421,0.455761828,0.300802807
34,0,0,00,0,leaf,0.04599,0.7,Zn,0.175775612,0.176,0.168806843,0.031461531,1.446915797
35,0,0,00,0,leaf,0.01297,0.7,Zn,0.120849231,0.121,0.113880462,0.075259695,0.976118246
36,0,0,00,0,root,0.00181,0.7,Zn,0.067766654,0.068,0.060797885,0.287914215,0.521124729
37,0,0,00,1,leaf,0.0067,0.7,Zn,0.05156052,0.052,0.044591751,0.057047016,0.382215009
38,0,0,00,1,leaf,0.00494,0.7,Zn,0.029705494,0.03,0.022736725,0.039450651,0.194886214
39,0,0,00,1,root,4.50E-04,0.9,Zn,0.043587518,0.044,0.036618749,0.542499985,0.244124993
40,0,0,00,1,leaf,0.02266,0.7,Zn,0.309277139,0.309,0.30230837,0.114351924,2.5912146
41,0,0,00,1,leaf,0.0201,0.7,Zn,0.179559674,0.18,0.172590905,0.073599533,1.479350614
42,0,0,00,1,root,0.00206,0.7,Zn,0.185150055,0.185,0.178181286,0.741392313,1.527268166
43,0,0,00,1,leaf,0.05449,0.7,Zn,0.202993433,0.203,0.196024664,0.030835225,1.680211406
44,0,0,00,1,leaf,0.03535,0.7,Zn,0.239360607,0.239,0.232391838,0.056348799,1.99193004
45,0,0,00,1,root,0.00493,0.7,Zn,0.132283253,0.132,0.125314484,0.217875081,1.074124149
46,0,0,00,2,leaf,0.00734,0.7,Zn,0.025155481,0.025,0.018186712,0.021237889,0.155886103
47,0,0,00,2,leaf,0.00558,0.7,Zn,0.003111779,0.003,0,0,0
48,0,0,00,2,root,6.90E-04,0.9,Zn,0.020094985,0.02,0.013126216,0.126823343,0.087508107
49,0,0,00,2,leaf,0.03089,0.7,Zn,0.221958924,0.222,0.214990155,0.059655965,1.842772757
50,0,0,00,2,leaf,0.0157,0.7,Zn,0.134088147,0.134,0.127119378,0.069400934,1.089594669
51,0,0,00,2,root,0.00293,0.7,Zn,0.343346133,0.343,0.336377364,0.984039095,2.883234549
52,0,0,00,2,leaf,0.05331,0.7,Zn,0.211151752,0.211,0.204182983,0.032829485,1.750139854
53,0,0,00,2,leaf,0.01395,0.7,Zn,0.151766192,0.152,0.144797423,0.088969231,1.241120769
54,0,0,00,2,root,0.0067,0.7,Zn,0.236910126,0.237,0.229941357,0.294168047,1.970925917
82,1,1,11,0,leaf,0.02167,0.7,Zn,0.185104039,0.185,0.17813527,0.070460256,1.526873743
83,1,1,11,0,leaf,0.00766,0.7,Zn,0.089897843,0.09,0.082929074,0.092796427,0.710820634
84,1,1,11,0,root,0.00413,0.7,Zn,0.113186052,0.113,0.106217283,0.220444033,0.910433854
85,1,1,11,0,leaf,0.08326,0.7,Zn,1.026618695,1.027,1.019649926,0.104970652,8.739856509
86,1,1,11,0,leaf,0.02175,0.7,Zn,0.285897197,0.286,0.278928428,0.109922533,2.390815097
87,1,1,11,0,root,0.00262,0.7,Zn,0.067854357,0.068,0.060885588,0.199189492,0.521876469
88,1,1,11,0,leaf,0.01696,0.7,Zn,0.310850812,0.311,0.303882043,0.1535792,2.604703226
89,1,1,11,0,leaf,0.02156,0.7,Zn,0.209538196,0.21,0.202569427,0.08053383,1.736309374
90,1,1,11,0,root,0.00338,0.7,Zn,0.122863096,0.123,0.115894327,0.293899392,0.993379946
91,1,1,11,1,leaf,0.02091,0.7,Zn,0.16833993,0.168,0.161371161,0.066149277,1.38318138
92,1,1,11,1,leaf,0.00779,0.7,Zn,0.068211236,0.068,0.061242467,0.067385806,0.524935431
93,1,1,11,1,root,0.0019,0.7,Zn,0.060136925,0.06,0.053168156,0.239856343,0.455727051
94,1,1,11,1,leaf,0.08039,0.7,Zn,0.746203278,0.746,0.739234509,0.078819453,6.336295791
95,1,1,11,1,leaf,0.02439,0.7,Zn,0.210832204,0.211,0.203863435,0.071644152,1.747400871
96,1,1,11,1,root,8.60E-04,0.9,Zn,0.070339485,0.07,0.063370716,0.49124586,0.42247144
97,1,1,11,1,leaf,0.02143,0.7,Zn,0.461912314,0.462,0.454943545,0.181965287,3.8995161
98,1,1,11,1,leaf,0.01283,0.7,Zn,0.125057976,0.125,0.118089207,0.078892689,1.012193203
99,1,1,11,1,root,0.00403,0.7,Zn,0.183035145,0.183,0.176066376,0.374476518,1.509140366
100,1,1,11,2,leaf,0.01067,0.7,Zn,0.154657992,0.155,0.147689223,0.118641764,1.265907626
101,1,1,11,2,leaf,0.0064,0.7,Zn,0.094035243,0.094,0.087066474,0.116606885,0.746284063
102,1,1,11,2,root,0.00558,0.7,Zn,0.171062481,0.171,0.164093712,0.252064074,1.406517531
103,1,1,11,2,leaf,0.08275,0.7,Zn,0.64337009,0.643,0.636401321,0.065919861,5.454868466
104,1,1,11,2,leaf,0.02628,0.7,Zn,0.286175487,0.286,0.279206718,0.091065466,2.39320044
105,1,1,11,2,root,0.01388,0.7,Zn,0.401085325,0.401,0.394116556,0.243381982,3.378141909
106,1,1,11,2,leaf,0.02069,0.7,Zn,0.354944906,0.355,0.347976137,0.14415914,2.982652603
107,1,1,11,2,leaf,0.01375,0.7,Zn,0.179492632,0.179,0.172523863,0.107547343,1.478775969
108,1,1,11,2,root,0.00681,0.7,Zn,0.104535138,0.105,0.097566369,0.122802227,0.836283163