Cap,Salt,Cadmium,SaltCadmium,Timepoint,Plant,TissueType,DryWeight,VolDigestUsed,Element,ConcSamp,ConcRep,CorConc,ugElementPermgDW,ugElement
1,1,0,10,0,1,old leaf,0.10951,0.4,Cd,0.006914733,0.007,0.003384727,4.64E-04,0.050770905
2,1,0,10,0,1,young leaf,0.026,0.5,Cd,0.00611559,0.006,0.002585584,0.001193346,0.031027008
3,1,0,10,0,1,root,0.0029,0.7,Cd,0.005947642,0.006,0.002417636,0.007145722,0.020722594
4,1,0,10,0,2,old leaf,0.04946,0.5,Cd,0,0,0,0,0
5,1,0,10,0,2,young leaf,0.01384,0.7,Cd,0.005612998,0.006,0.002082992,0.001290045,0.017854217
6,1,0,10,0,2,root,8.70E-04,0.7,Cd,0.005334704,0.005,0.001804698,0.017780276,0.01546884
7,1,0,10,0,3,old leaf,0.06652,0.4,Cd,0.005535709,0.006,0.002005703,4.52E-04,0.030085545
8,1,0,10,0,3,young leaf,0.04741,0.5,Cd,0.00551147,0.006,0.001981464,5.02E-04,0.023777568
9,1,0,10,0,3,root,0.00169,0.7,Cd,0.00458236,0.005,0.001052354,0.005337383,0.009020177
10,1,0,10,1,1,old leaf,0.06685,0.4,Cd,0.005554372,0.006,0.002024366,4.54E-04,0.03036549
11,1,0,10,1,1,young leaf,0.0075,0.7,Cd,0.006382888,0.006,0.002852882,0.003260437,0.024453274
12,1,0,10,1,1,root,0.00146,0.7,Cd,0.005083094,0.005,0.001553088,0.009117933,0.013312183
13,1,0,10,1,2,old leaf,0.01357,0.7,Cd,0.005328441,0.005,0.001798435,0.001135973,0.015415157
14,1,0,10,1,2,young leaf,0.00244,0.7,Cd,0.004367492,0.004,8.37E-04,0.002941988,0.007178451
15,1,0,10,1,2,root,8.60E-04,0.7,Cd,0.00409965,0.004,5.70E-04,0.005677515,0.004882663
16,1,0,10,1,3,old leaf,0.03447,0.5,Cd,0.004607017,0.005,0.001077011,3.75E-04,0.012924132
17,1,0,10,1,3,young leaf,0.01089,0.7,Cd,0.00443448,0.004,9.04E-04,7.12E-04,0.007752634
18,1,0,10,1,3,root,0.0102,0.7,Cd,0,0,0,0,0
19,1,0,10,2,1,old leaf,0.03178,0.5,Cd,0,0,0,0,0
20,1,0,10,2,1,young leaf,0.00796,0.7,Cd,0.005584718,0.006,0.002054712,0.00221254,0.017611817
21,1,0,10,2,1,root,0.00145,0.7,Cd,0.005037513,0.005,0.001507507,0.008911371,0.012921489
22,1,0,10,2,2,old leaf,0.01486,0.7,Cd,0,0,0,0,0
23,1,0,10,2,2,young leaf,0.00285,0.7,Cd,0.002398255,0.002,0,0,0
24,1,0,10,2,2,root,0.00329,0.7,Cd,0.004840934,0.005,0.001310928,0.003415357,0.011236526
25,1,0,10,2,3,old leaf,0.03215,0.5,Cd,0.003852071,0.004,3.22E-04,1.20E-04,0.00386478
26,1,0,10,2,3,young leaf,0.0097,0.7,Cd,0.005054315,0.005,0.001524309,0.001346959,0.013065506
27,1,0,10,2,3,root,0.0043,0.7,Cd,0.003550979,0.004,2.10E-05,4.18E-05,1.80E-04
55,0,1,01,0,1,old leaf,0.01027,0.7,Cd,0.004755512,0.005,0.001225506,0.001022818,0.010504337
56,0,1,01,0,1,young leaf,0.01377,0.7,Cd,0.0043047,0.004,7.75E-04,4.82E-04,0.006640234
57,0,1,01,0,1,root,0.00161,0.7,Cd,0.003080202,0.003,0,0,0
58,0,1,01,0,2,old leaf,0.04048,0.5,Cd,0.003508198,0.004,0,0,0
59,0,1,01,0,2,young leaf,0.02221,0.5,Cd,0.003664725,0.004,1.35E-04,7.28E-05,0.001616628
60,0,1,01,0,2,root,0.00136,0.7,Cd,0.00206329,0.002,0,0,0
61,0,1,01,0,3,old leaf,0.06928,0.4,Cd,0.004008337,0.004,4.78E-04,1.04E-04,0.007174965
62,0,1,01,0,3,young leaf,0.02692,0.5,Cd,0.003492672,0.003,0,0,0
63,0,1,01,0,3,root,0.00205,0.7,Cd,0.003250841,0.003,0,0,0
64,0,1,01,1,1,old leaf,0.0158,0.7,Cd,0.00283986,0.003,0,0,0
65,0,1,01,1,1,young leaf,0.0042,0.7,Cd,0.004286565,0.004,7.57E-04,0.001543998,0.006484791
66,0,1,01,1,1,root,0.00109,0.7,Cd,0.045040915,0.045,0.041510909,0.326429166,0.355807791
67,0,1,01,1,2,old leaf,0.02225,0.5,Cd,0.00370727,0.004,1.77E-04,9.56E-05,0.002127168
68,0,1,01,1,2,young leaf,0.01885,0.7,Cd,0.003324905,0.003,0,0,0
69,0,1,01,1,2,root,0.00414,0.7,Cd,0.324108166,0.324,0.32057816,0.663722899,2.7478128
70,0,1,01,1,3,old leaf,0.05336,0.5,Cd,0.003677981,0.004,1.48E-04,3.33E-05,0.0017757
71,0,1,01,1,3,young leaf,0.01974,0.7,Cd,0.003796318,0.004,2.66E-04,1.16E-04,0.002282674
72,0,1,01,1,3,root,0.00194,0.7,Cd,0.053303229,0.053,0.049773223,0.219911147,0.426627626
73,0,1,01,2,1,old leaf,0.01725,0.7,Cd,0.003870498,0.004,3.40E-04,1.69E-04,0.002918503
74,0,1,01,2,1,young leaf,0.01065,0.7,Cd,0.003694247,0.004,1.64E-04,1.32E-04,0.00140778
75,0,1,01,2,1,root,9.00E-04,0.7,Cd,0.052669724,0.053,0.049139718,0.467997314,0.421197583
76,0,1,01,2,2,old leaf,0.06388,0.4,Cd,0.003752884,0.004,2.23E-04,5.23E-05,0.00334317
77,0,1,01,2,2,young leaf,0.02182,0.5,Cd,0.002947278,0.003,0,0,0
78,0,1,01,2,2,root,0.00432,0.7,Cd,0.845676395,0.846,0.842146389,1.670925375,7.21839762
79,0,1,01,2,3,old leaf,0.09999,0.4,Cd,0.003927736,0.004,3.98E-04,5.97E-05,0.00596595
80,0,1,01,2,3,young leaf,0.04808,0.5,Cd,0.002992345,0.003,0,0,0
81,0,1,01,2,3,root,0.00432,0.7,Cd,0.217554592,0.218,0.214024586,0.424651956,1.834496451
1,1,0,10,0,1,old leaf,0.10951,0.4,Na,4.588776377,4.589,4.403314431,0.603138677,66.04971647
2,1,0,10,0,1,young leaf,0.026,0.5,Na,1.132056547,1.132,0.946594601,0.436889816,11.35913521
3,1,0,10,0,1,root,0.0029,0.7,Na,1.179705789,1.18,0.994243843,2.938651753,8.522090083
4,1,0,10,0,2,old leaf,0.04946,0.5,Na,3.771481705,3.771,3.586019759,0.870041187,43.03223711
5,1,0,10,0,2,young leaf,0.01384,0.7,Na,0.956094336,0.956,0.77063239,0.477270266,6.605420486
6,1,0,10,0,2,root,8.70E-04,0.7,Na,0.45180555,0.452,0.266343604,2.624074916,2.282945177
7,1,0,10,0,3,old leaf,0.06652,0.4,Na,3.557089922,3.557,3.371627976,0.76028893,50.57441964
8,1,0,10,0,3,young leaf,0.04741,0.5,Na,3.238580854,3.239,3.053118908,0.772778462,36.6374269
9,1,0,10,0,3,root,0.00169,0.7,Na,0.764099893,0.764,0.578637947,2.934765581,4.959753831
10,1,0,10,1,1,old leaf,0.06685,0.4,Na,13.26297509,13.26,13.07751314,2.934370937,196.1626972
11,1,0,10,1,1,young leaf,0.0075,0.7,Na,5.23916047,5.239,5.053698524,5.775655456,43.31741592
12,1,0,10,1,1,root,0.00146,0.7,Na,1.262332758,1.262,1.076870812,6.32213784,9.230321246
13,1,0,10,1,2,old leaf,0.01357,0.7,Na,0.596761556,0.597,0.41129961,0.259795522,3.525425229
14,1,0,10,1,2,young leaf,0.00244,0.7,Na,0.241878751,0.242,0.056416805,0.198185498,0.483572614
15,1,0,10,1,2,root,8.60E-04,0.7,Na,0.558571153,0.559,0.373109207,3.718696415,3.198078917
16,1,0,10,1,3,old leaf,0.03447,0.5,Na,11.90311001,11.9,11.71764806,4.079250849,140.6117768
17,1,0,10,1,3,young leaf,0.01089,0.7,Na,13.33419635,13.33,13.1487344,10.34925966,112.7034377
18,1,0,10,1,3,root,0.0102,0.7,Na,8.749809205,8.75,8.564347259,7.19693047,73.40869079
19,1,0,10,2,1,old leaf,0.03178,0.5,Na,9.185194819,9.185,8.999732873,3.398262885,107.9967945
20,1,0,10,2,1,young leaf,0.00796,0.7,Na,13.6471541,13.65,13.46169215,14.49572019,115.3859327
21,1,0,10,2,1,root,0.00145,0.7,Na,0.959356943,0.959,0.773894997,4.574748751,6.633385689
22,1,0,10,2,2,old leaf,0.01486,0.7,Na,0.735566293,0.736,0.550104347,0.317306872,4.715180117
23,1,0,10,2,2,young leaf,0.00285,0.7,Na,0.291919183,0.292,0.106457237,0.320172141,0.912490603
24,1,0,10,2,2,root,0.00329,0.7,Na,0.669321409,0.669,0.483859463,1.260597819,4.147366826
25,1,0,10,2,3,old leaf,0.03215,0.5,Na,16.52363695,16.52,16.338175,6.098230173,196.0581
26,1,0,10,2,3,young leaf,0.0097,0.7,Na,16.0369206,16.04,15.85145865,14.00717996,135.8696456
27,1,0,10,2,3,root,0.0043,0.7,Na,3.421472877,3.421,3.236010931,6.450520128,27.73723655
55,0,1,01,0,1,old leaf,0.01027,0.7,Na,0.555720629,0.556,0.370258683,0.309021018,3.173645854
56,0,1,01,0,1,young leaf,0.01377,0.7,Na,0.63734719,0.637,0.451885244,0.281285555,3.873302091
57,0,1,01,0,1,root,0.00161,0.7,Na,0.712358899,0.712,0.526896953,2.805130185,4.516259597
58,0,1,01,0,2,old leaf,0.04048,0.5,Na,1.191356649,1.191,1.005894703,0.298190129,12.07073644
59,0,1,01,0,2,young leaf,0.02221,0.5,Na,0.597437016,0.597,0.41197507,0.222588962,4.94370084
60,0,1,01,0,2,root,0.00136,0.7,Na,0.433191241,0.433,0.247729295,1.561319086,2.123393957
61,0,1,01,0,3,old leaf,0.06928,0.4,Na,1.716459245,1.716,1.530997299,0.331480362,22.96495948
62,0,1,01,0,3,young leaf,0.02692,0.5,Na,0.653934663,0.654,0.468472717,0.208828849,5.621672604
63,0,1,01,0,3,root,0.00205,0.7,Na,0.538873359,0.539,0.353411413,1.477678382,3.029240683
64,0,1,01,1,1,old leaf,0.0158,0.7,Na,0.826495188,0.826,0.641033242,0.347757636,5.494570646
65,0,1,01,1,1,young leaf,0.0042,0.7,Na,0.282783609,0.283,0.097321663,0.198615639,0.834185683
66,0,1,01,1,1,root,0.00109,0.7,Na,0.45108528,0.451,0.265623334,2.088781132,2.276771434
67,0,1,01,1,2,old leaf,0.02225,0.5,Na,0.610580802,0.611,0.425118856,0.229277585,5.101426272
68,0,1,01,1,2,young leaf,0.01885,0.7,Na,0.8674908,0.867,0.682028854,0.310130589,5.845961606
69,0,1,01,1,2,root,0.00414,0.7,Na,1.247657996,1.248,1.06219605,2.199163665,9.104537571
70,0,1,01,1,3,old leaf,0.05336,0.5,Na,1.063975897,1.064,0.878513951,0.197566856,10.54216741
71,0,1,01,1,3,young leaf,0.01974,0.7,Na,0.919957072,0.92,0.734495126,0.318929712,6.295672509
72,0,1,01,1,3,root,0.00194,0.7,Na,0.754404876,0.754,0.56894293,2.513739013,4.876653686
73,0,1,01,2,1,old leaf,0.01725,0.7,Na,0.958329069,0.958,0.772867123,0.384033353,6.62457534
74,0,1,01,2,1,young leaf,0.01065,0.7,Na,0.693623248,0.694,0.508161302,0.408982939,4.355668303
75,0,1,01,2,1,root,9.00E-04,0.7,Na,0.484853832,0.485,0.299391886,2.851351295,2.566216166
76,0,1,01,2,2,old leaf,0.06388,0.4,Na,1.727399451,1.727,1.541937505,0.362070485,23.12906258
77,0,1,01,2,2,young leaf,0.02182,0.5,Na,0.716426898,0.716,0.530964952,0.29200639,6.371579424
78,0,1,01,2,2,root,0.00432,0.7,Na,1.100393274,1.1,0.914931328,1.815339937,7.842268526
79,0,1,01,2,3,old leaf,0.09999,0.4,Na,2.090389366,2.09,1.90492742,0.28576769,28.5739113
80,0,1,01,2,3,young leaf,0.04808,0.5,Na,1.686345361,1.686,1.500883415,0.374596526,18.01060098
81,0,1,01,2,3,root,0.00432,0.7,Na,1.427887272,1.428,1.242425326,2.465129615,10.64935994
1,1,0,10,0,1,old leaf,0.10951,0.4,K,87.61030516,87.61,87.51737935,11.98758735,1312.76069
2,1,0,10,0,1,young leaf,0.026,0.5,K,67.35581419,67.36,67.26288838,31.04441002,807.1546606
3,1,0,10,0,1,root,0.0029,0.7,K,4.983286623,4.983,4.890360815,14.45426842,41.91737841
4,1,0,10,0,2,old leaf,0.04946,0.5,K,66.60089481,66.6,66.507969,16.13618334,798.095628
5,1,0,10,0,2,young leaf,0.01384,0.7,K,27.23112127,27.23,27.13819546,16.8073052,232.613104
6,1,0,10,0,2,root,8.70E-04,0.7,K,0.277616309,0.278,0.184690501,1.819610847,1.583061437
7,1,0,10,0,3,old leaf,0.06652,0.4,K,87.46629724,87.47,87.37337143,19.70235375,1310.600571
8,1,0,10,0,3,young leaf,0.04741,0.5,K,119.4850541,119.5,119.3921283,30.21947985,1432.70554
9,1,0,10,0,3,root,0.00169,0.7,K,2.796949661,2.797,2.704023853,13.71440669,23.17734731
10,1,0,10,1,1,old leaf,0.06685,0.4,K,75.21366645,75.21,75.12074064,16.85581316,1126.81111
11,1,0,10,1,1,young leaf,0.0075,0.7,K,18.7694513,18.77,18.67652549,21.34460056,160.0845042
12,1,0,10,1,1,root,0.00146,0.7,K,1.65768861,1.658,1.564762802,9.186474376,13.41225259
13,1,0,10,1,2,old leaf,0.01357,0.7,K,14.46999875,14.47,14.37707294,9.081212512,123.2320538
14,1,0,10,1,2,young leaf,0.00244,0.7,K,2.962221107,2.962,2.869295299,10.07949168,24.59395971
15,1,0,10,1,2,root,8.60E-04,0.7,K,0.279112333,0.279,0.186186525,1.855679651,1.5958845
16,1,0,10,1,3,old leaf,0.03447,0.5,K,78.21248987,78.21,78.11956406,27.19567069,937.4347687
17,1,0,10,1,3,young leaf,0.01089,0.7,K,32.06982974,32.07,31.97690393,25.16875555,274.087748
18,1,0,10,1,3,root,0.0102,0.7,K,4.035383729,4.035,3.942457921,3.31298985,33.79249647
19,1,0,10,2,1,old leaf,0.03178,0.5,K,47.06255836,47.06,46.96963255,17.73554407,563.6355906
20,1,0,10,2,1,young leaf,0.00796,0.7,K,25.573736,25.57,25.48081019,27.43805835,218.4069445
21,1,0,10,2,1,root,0.00145,0.7,K,0.665214047,0.665,0.572288239,3.382984664,4.905327763
22,1,0,10,2,2,old leaf,0.01486,0.7,K,19.22581172,19.23,19.13288591,11.03608109,163.996165
23,1,0,10,2,2,young leaf,0.00285,0.7,K,4.551212673,4.551,4.458286865,13.40838155,38.21388741
24,1,0,10,2,2,root,0.00329,0.7,K,0.74272545,0.743,0.649799642,1.692921343,5.569711217
25,1,0,10,2,3,old leaf,0.03215,0.5,K,72.83250429,72.83,72.73957848,27.15007595,872.8749418
26,1,0,10,2,3,young leaf,0.0097,0.7,K,30.71442691,30.71,30.6215011,27.05876386,262.4700094
27,1,0,10,2,3,root,0.0043,0.7,K,1.286258954,1.286,1.193333146,2.378737168,10.22856982
55,0,1,01,0,1,old leaf,0.01027,0.7,K,13.28787273,13.29,13.19494692,11.01261393,113.099545
56,0,1,01,0,1,young leaf,0.01377,0.7,K,26.39100508,26.39,26.29807927,16.36979724,225.412108
57,0,1,01,0,1,root,0.00161,0.7,K,0.98226904,0.982,0.889343232,4.734746577,7.622941989
58,0,1,01,0,2,old leaf,0.04048,0.5,K,40.90189842,40.9,40.80897261,12.09752153,489.7076713
59,0,1,01,0,2,young leaf,0.02221,0.5,K,20.46364949,20.46,20.37072368,11.00624422,244.4486842
60,0,1,01,0,2,root,0.00136,0.7,K,0.576018235,0.576,0.483092427,3.04470017,4.140792231
61,0,1,01,0,3,old leaf,0.06928,0.4,K,51.41162009,51.41,51.31869428,11.11114917,769.7804142
62,0,1,01,0,3,young leaf,0.02692,0.5,K,31.18197728,31.18,31.08905147,13.85841819,373.0686177
63,0,1,01,0,3,root,0.00205,0.7,K,0.999891758,1,0.90696595,3.792192125,7.773993857
64,0,1,01,1,1,old leaf,0.0158,0.7,K,27.68378221,27.68,27.5908564,14.96791487,236.4930549
65,0,1,01,1,1,young leaf,0.0042,0.7,K,6.404442253,6.404,6.311516445,12.88064581,54.09871239
66,0,1,01,1,1,root,0.00109,0.7,K,0.534953939,0.535,0.442028131,3.475974818,3.788812551
67,0,1,01,1,2,old leaf,0.02225,0.5,K,23.40693558,23.41,23.31400977,12.57384797,279.7681173
68,0,1,01,1,2,young leaf,0.01885,0.7,K,25.30705469,25.31,25.21412888,11.46531059,216.1211047
69,0,1,01,1,2,root,0.00414,0.7,K,1.170769433,1.171,1.077843625,2.2315603,9.238659643
70,0,1,01,1,3,old leaf,0.05336,0.5,K,40.03762649,40.04,39.94470068,8.98306612,479.3364082
71,0,1,01,1,3,young leaf,0.01974,0.7,K,28.38188121,28.38,28.2889554,12.28352384,242.4767606
72,0,1,01,1,3,root,0.00194,0.7,K,0.718054232,0.718,0.625128424,2.761981255,5.358243634
73,0,1,01,2,1,old leaf,0.01725,0.7,K,29.64866295,29.65,29.55573714,14.68608057,253.3348898
74,0,1,01,2,1,young leaf,0.01065,0.7,K,23.89515429,23.9,23.80222848,19.15672312,204.0191013
75,0,1,01,2,1,root,9.00E-04,0.7,K,0.271022535,0.271,0.178096727,1.696159305,1.526543374
76,0,1,01,2,2,old leaf,0.06388,0.4,K,50.94803393,50.95,50.85510812,11.94155638,762.8266218
77,0,1,01,2,2,young leaf,0.02182,0.5,K,18.7143799,18.71,18.62145409,10.24094634,223.4574491
78,0,1,01,2,2,root,0.00432,0.7,K,5.142560718,5.143,5.04963491,10.01911688,43.28258494
79,0,1,01,2,3,old leaf,0.09999,0.4,K,49.60523582,49.61,49.51231001,7.427589261,742.6846502
80,0,1,01,2,3,young leaf,0.04808,0.5,K,48.06472847,48.06,47.97180266,11.97299567,575.6616319
81,0,1,01,2,3,root,0.00432,0.7,K,1.410699637,1.411,1.317773829,2.614630613,11.29520425
1,1,0,10,0,1,old leaf,0.10951,0.4,Fe,0.197924103,0.198,0.170874151,0.02340528,2.563112265
2,1,0,10,0,1,young leaf,0.026,0.5,Fe,0.094855086,0.095,0.067805134,0.031294677,0.813661608
3,1,0,10,0,1,root,0.0029,0.7,Fe,2.048383736,2.048,2.021333784,5.974385568,17.32571815
4,1,0,10,0,2,old leaf,0.04946,0.5,Fe,0.103601682,0.104,0.07655173,0.018573004,0.91862076
5,1,0,10,0,2,young leaf,0.01384,0.7,Fe,0.062187006,0.062,0.035137054,0.021761181,0.301174749
6,1,0,10,0,2,root,8.70E-04,0.7,Fe,1.103418605,1.103,1.076368653,10.60461727,9.226017026
7,1,0,10,0,3,old leaf,0.06652,0.4,Fe,0.112276163,0.112,0.085226211,0.019218177,1.278393165
8,1,0,10,0,3,young leaf,0.04741,0.5,Fe,0.12384937,0.124,0.096799418,0.024501013,1.161593016
9,1,0,10,0,3,root,0.00169,0.7,Fe,1.323411354,1.323,1.296361402,6.574952166,11.11166916
10,1,0,10,1,1,old leaf,0.06685,0.4,Fe,0.098948901,0.099,0.071898949,0.016132898,1.078484235
11,1,0,10,1,1,young leaf,0.0075,0.7,Fe,0.05712658,0.057,0.030076628,0.034373289,0.257799669
12,1,0,10,1,1,root,0.00146,0.7,Fe,1.307073742,1.307,1.28002379,7.514816771,10.97163249
13,1,0,10,1,2,old leaf,0.01357,0.7,Fe,0.062631413,0.063,0.035581461,0.022474867,0.304983951
14,1,0,10,1,2,young leaf,0.00244,0.7,Fe,0.037249279,0.037,0.010199327,0.035829018,0.087422803
15,1,0,10,1,2,root,8.60E-04,0.7,Fe,1.813194486,1.813,1.786144534,17.80210499,15.30981029
16,1,0,10,1,3,old leaf,0.03447,0.5,Fe,0.100243544,0.1,0.073193592,0.025480798,0.878323104
17,1,0,10,1,3,young leaf,0.01089,0.7,Fe,0.107704707,0.108,0.080654755,0.063482688,0.691326471
18,1,0,10,1,3,root,0.0102,0.7,Fe,13.74116224,13.74,13.71411229,11.52446411,117.5495339
19,1,0,10,2,1,old leaf,0.03178,0.5,Fe,0.081497696,0.081,0.054447744,0.020559249,0.653372928
20,1,0,10,2,1,young leaf,0.00796,0.7,Fe,0.058187901,0.058,0.031137949,0.033529737,0.266896706
21,1,0,10,2,1,root,0.00145,0.7,Fe,0.902816001,0.903,0.875766049,5.176942162,7.506566134
22,1,0,10,2,2,old leaf,0.01486,0.7,Fe,0.057550642,0.058,0.03050069,0.017593169,0.261434486
23,1,0,10,2,2,young leaf,0.00285,0.7,Fe,0.051913398,0.052,0.024863446,0.074777281,0.213115251
24,1,0,10,2,2,root,0.00329,0.7,Fe,1.51474325,1.515,1.487693298,3.875883538,12.75165684
25,1,0,10,2,3,old leaf,0.03215,0.5,Fe,0.113021721,0.113,0.085971769,0.032088996,1.031661228
26,1,0,10,2,3,young leaf,0.0097,0.7,Fe,0.080485604,0.08,0.053435652,0.047218544,0.458019874
27,1,0,10,2,3,root,0.0043,0.7,Fe,3.574119027,3.574,3.547069075,7.070569585,30.40344921
55,0,1,01,0,1,old leaf,0.01027,0.7,Fe,0.041221951,0.041,0.014171999,0.01182807,0.121474277
56,0,1,01,0,1,young leaf,0.01377,0.7,Fe,0.059644906,0.06,0.032594954,0.02028942,0.27938532
57,0,1,01,0,1,root,0.00161,0.7,Fe,0.672635647,0.673,0.645585695,3.437013461,5.533591671
58,0,1,01,0,2,old leaf,0.04048,0.5,Fe,0.084951761,0.085,0.057901809,0.017164568,0.694821708
59,0,1,01,0,2,young leaf,0.02221,0.5,Fe,0.073362769,0.073,0.046312817,0.025022684,0.555753804
60,0,1,01,0,2,root,0.00136,0.7,Fe,0.905077338,0.905,0.878027386,5.533786046,7.525949023
61,0,1,01,0,3,old leaf,0.06928,0.4,Fe,0.192922462,0.193,0.16587251,0.035913505,2.48808765
62,0,1,01,0,3,young leaf,0.02692,0.5,Fe,0.075241436,0.075,0.048191484,0.021482088,0.578297808
63,0,1,01,0,3,root,0.00205,0.7,Fe,1.48855218,1.489,1.461502228,6.110810709,12.52716195
64,0,1,01,1,1,old leaf,0.0158,0.7,Fe,0.061473995,0.061,0.034424043,0.018674888,0.295063226
65,0,1,01,1,1,young leaf,0.0042,0.7,Fe,0.062124589,0.062,0.035074637,0.071580892,0.300639746
66,0,1,01,1,1,root,0.00109,0.7,Fe,0.370955782,0.371,0.34390583,2.704370878,2.947764257
67,0,1,01,1,2,old leaf,0.02225,0.5,Fe,0.054648588,0.055,0.027598636,0.014884658,0.331183632
68,0,1,01,1,2,young leaf,0.01885,0.7,Fe,0.079800313,0.08,0.052750361,0.023986523,0.452145951
69,0,1,01,1,2,root,0.00414,0.7,Fe,2.275895301,2.276,2.248845349,4.655994511,19.27581728
70,0,1,01,1,3,old leaf,0.05336,0.5,Fe,0.170412499,0.17,0.143362547,0.032240453,1.720350564
71,0,1,01,1,3,young leaf,0.01974,0.7,Fe,0.09857259,0.099,0.071522638,0.031056291,0.613051183
72,0,1,01,1,3,root,0.00194,0.7,Fe,1.4234436,1.423,1.396393648,6.169633202,11.96908841
73,0,1,01,2,1,old leaf,0.01725,0.7,Fe,0.062565708,0.063,0.035515756,0.017647581,0.304420766
74,0,1,01,2,1,young leaf,0.01065,0.7,Fe,0.054617434,0.055,0.027567482,0.022187108,0.236292703
75,0,1,01,2,1,root,9.00E-04,0.7,Fe,0.823698789,0.824,0.796648837,7.587131781,6.828418603
76,0,1,01,2,2,old leaf,0.06388,0.4,Fe,0.087569848,0.088,0.060519896,0.014210996,0.90779844
77,0,1,01,2,2,young leaf,0.02182,0.5,Fe,0.073480882,0.073,0.04643093,0.025534884,0.55717116
78,0,1,01,2,2,root,0.00432,0.7,Fe,1.057729846,1.058,1.030679894,2.04499979,8.834399091
79,0,1,01,2,3,old leaf,0.09999,0.4,Fe,0.260014652,0.26,0.2329647,0.0349482,3.4944705
80,0,1,01,2,3,young leaf,0.04808,0.5,Fe,0.108288181,0.108,0.081238229,0.020275764,0.974858748
81,0,1,01,2,3,root,0.00432,0.7,Fe,2.838381778,2.838,2.811331826,5.578039337,24.09712994
1,1,0,10,0,1,old leaf,0.10951,0.4,Zn,0.297609267,0.298,0.290462576,0.039785761,4.35693864
2,1,0,10,0,1,young leaf,0.026,0.5,Zn,0.200093789,0.2,0.192947098,0.089052507,2.315365176
3,1,0,10,0,1,root,0.0029,0.7,Zn,0.136130906,0.136,0.128984215,0.381234133,1.105578986
4,1,0,10,0,2,old leaf,0.04946,0.5,Zn,0.138089845,0.138,0.130943154,0.031769467,1.571317848
5,1,0,10,0,2,young leaf,0.01384,0.7,Zn,0.112295583,0.112,0.105148892,0.065121114,0.901276217
6,1,0,10,0,2,root,8.70E-04,0.7,Zn,0.04412155,0.044,0.036974859,0.364284325,0.316927363
7,1,0,10,0,3,old leaf,0.06652,0.4,Zn,0.724667963,0.725,0.717521272,0.161798242,10.76281908
8,1,0,10,0,3,young leaf,0.04741,0.5,Zn,0.280237571,0.28,0.27309088,0.069122349,3.27709056
9,1,0,10,0,3,root,0.00169,0.7,Zn,0.068471232,0.068,0.061324541,0.311028948,0.525638923
10,1,0,10,1,1,old leaf,0.06685,0.4,Zn,0.383007737,0.383,0.375861046,0.084336809,5.63791569
11,1,0,10,1,1,young leaf,0.0075,0.7,Zn,0.068648636,0.069,0.061501945,0.070287937,0.527159529
12,1,0,10,1,1,root,0.00146,0.7,Zn,0.080512551,0.081,0.07336586,0.430719335,0.628850229
13,1,0,10,1,2,old leaf,0.01357,0.7,Zn,0.083206109,0.083,0.076059418,0.048042584,0.651937869
14,1,0,10,1,2,young leaf,0.00244,0.7,Zn,0.022515297,0.023,0.015368606,0.053988077,0.131730909
15,1,0,10,1,2,root,8.60E-04,0.7,Zn,0.03368383,0.034,0.026537139,0.264489757,0.227461191
16,1,0,10,1,3,old leaf,0.03447,0.5,Zn,0.242391536,0.242,0.235244845,0.081895507,2.82293814
17,1,0,10,1,3,young leaf,0.01089,0.7,Zn,0.096175068,0.096,0.089028377,0.070073496,0.763100374
18,1,0,10,1,3,root,0.0102,0.7,Zn,0.606311025,0.606,0.599164334,0.50349944,5.135694291
19,1,0,10,2,1,old leaf,0.03178,0.5,Zn,0.15827765,0.158,0.151130959,0.057066441,1.813571508
20,1,0,10,2,1,young leaf,0.00796,0.7,Zn,0.076230307,0.076,0.069083616,0.074390111,0.59214528
21,1,0,10,2,1,root,0.00145,0.7,Zn,0.094165964,0.094,0.087019273,0.514399643,0.745879483
22,1,0,10,2,2,old leaf,0.01486,0.7,Zn,0.071430113,0.071,0.064283422,0.037079459,0.55100076
23,1,0,10,2,2,young leaf,0.00285,0.7,Zn,0.041800083,0.042,0.034653392,0.104220728,0.297029074
24,1,0,10,2,2,root,0.00329,0.7,Zn,0.030472751,0.03,0.02332606,0.060771324,0.199937657
25,1,0,10,2,3,old leaf,0.03215,0.5,Zn,0.233223797,0.233,0.226077106,0.084383368,2.712925272
26,1,0,10,2,3,young leaf,0.0097,0.7,Zn,0.097068791,0.097,0.0899221,0.079459882,0.770760857
27,1,0,10,2,3,root,0.0043,0.7,Zn,0.122790783,0.123,0.115644092,0.230519785,0.991235074
55,0,1,01,0,1,old leaf,0.01027,0.7,Zn,0.02410635,0.024,0.016959659,0.014154674,0.145368506
56,0,1,01,0,1,young leaf,0.01377,0.7,Zn,0.069379632,0.069,0.062232941,0.038738214,0.533425209
57,0,1,01,0,1,root,0.00161,0.7,Zn,0.060709961,0.061,0.05356327,0.285163815,0.459113743
58,0,1,01,0,2,old leaf,0.04048,0.5,Zn,0.249736526,0.25,0.242589835,0.071913983,2.91107802
59,0,1,01,0,2,young leaf,0.02221,0.5,Zn,0.083353924,0.083,0.076207233,0.041174552,0.914486796
60,0,1,01,0,2,root,0.00136,0.7,Zn,0.195811935,0.196,0.188665244,1.189066664,1.617130663
61,0,1,01,0,3,old leaf,0.06928,0.4,Zn,0.353550206,0.354,0.346403515,0.075000761,5.196052725
62,0,1,01,0,3,young leaf,0.02692,0.5,Zn,0.086734984,0.087,0.079588293,0.035477694,0.955059516
63,0,1,01,0,3,root,0.00205,0.7,Zn,0.068435018,0.068,0.061288327,0.256257813,0.525328517
64,0,1,01,1,1,old leaf,0.0158,0.7,Zn,0.054405813,0.054,0.047259122,0.02563786,0.405078189
65,0,1,01,1,1,young leaf,0.0042,0.7,Zn,0.024194308,0.024,0.017047617,0.034791055,0.146122431
66,0,1,01,1,1,root,0.00109,0.7,Zn,0.034790262,0.035,0.027643571,0.217380637,0.236944894
67,0,1,01,1,2,old leaf,0.02225,0.5,Zn,0.189881098,0.19,0.182734407,0.098553388,2.192812884
68,0,1,01,1,2,young leaf,0.01885,0.7,Zn,0.083934382,0.084,0.076787691,0.034916722,0.658180209
69,0,1,01,1,2,root,0.00414,0.7,Zn,0.701791338,0.702,0.694644647,1.438187675,5.954096974
70,0,1,01,1,3,old leaf,0.05336,0.5,Zn,0.323241935,0.323,0.316095244,0.071085887,3.793142928
71,0,1,01,1,3,young leaf,0.01974,0.7,Zn,0.098539225,0.099,0.091392534,0.039684122,0.783364577
72,0,1,01,1,3,root,0.00194,0.7,Zn,0.049327472,0.049,0.042180781,0.186365748,0.361549551
73,0,1,01,2,1,old leaf,0.01725,0.7,Zn,0.05277526,0.053,0.045628569,0.022672581,0.39110202
74,0,1,01,2,1,young leaf,0.01065,0.7,Zn,0.058424327,0.058,0.051277636,0.041269727,0.439522594
75,0,1,01,2,1,root,9.00E-04,0.7,Zn,0.044906212,0.045,0.037759521,0.359614486,0.323653037
76,0,1,01,2,2,old leaf,0.06388,0.4,Zn,0.256588065,0.257,0.249441374,0.058572646,3.74162061
77,0,1,01,2,2,young leaf,0.02182,0.5,Zn,0.072315299,0.072,0.065168608,0.035839748,0.782023296
78,0,1,01,2,2,root,0.00432,0.7,Zn,0.627924663,0.628,0.620777972,1.231702325,5.320954046
79,0,1,01,2,3,old leaf,0.09999,0.4,Zn,0.423256284,0.423,0.416109593,0.062422681,6.241643895
80,0,1,01,2,3,young leaf,0.04808,0.5,Zn,0.199657036,0.2,0.192510345,0.048047507,2.31012414
81,0,1,01,2,3,root,0.00432,0.7,Zn,0.157675865,0.158,0.150529174,0.298668996,1.290250063
28,0,0,00,0,1,old leaf,0.00567,0.7,Cd,0.00701761,0.007,0.00257224,0.00388849,0.02204776
29,0,0,00,0,1,young leaf,0.0034,0.7,Cd,0.00695594,0.007,0.00251057,0.00632917,0.02151919
30,0,0,00,0,1,root,4.40E-04,0.9,Cd,0.00608788,0.006,0.00164251,0.02488653,0.01095007
31,0,0,00,0,2,old leaf,0.02381,0.7,Cd,0.0065787,0.007,0.00213333,7.68E-04,0.01828573
32,0,0,00,0,2,young leaf,0.00592,0.7,Cd,8.61E-04,0.001,0,0,0
33,0,0,00,0,2,root,6.60E-04,0.9,Cd,0,0,0,0,0
34,0,0,00,0,3,old leaf,0.04599,0.7,Cd,0.00633764,0.006,0.00189227,3.53E-04,0.01621947
35,0,0,00,0,3,young leaf,0.01297,0.7,Cd,0.00530805,0.005,8.63E-04,5.70E-04,0.00739439
36,0,0,00,0,3,root,0.00181,0.7,Cd,0.00627025,0.006,0.00182489,0.00864193,0.01564189
37,0,0,00,1,1,old leaf,0.0067,0.7,Cd,0.00621832,0.006,0.00177295,0.00226817,0.01519673
38,0,0,00,1,1,young leaf,0.00494,0.7,Cd,0.00489839,0.005,4.53E-04,7.86E-04,0.00388309
39,0,0,00,1,1,root,4.50E-04,0.9,Cd,0.00631651,0.006,0.00187114,0.02772062,0.01247428
40,0,0,00,1,2,old leaf,0.02266,0.7,Cd,0.00571116,0.006,0.0012658,4.79E-04,0.01084968
41,0,0,00,1,2,young leaf,0.0201,0.7,Cd,0.00574454,0.006,0.00129917,5.54E-04,0.01113573
42,0,0,00,1,2,root,0.00206,0.7,Cd,0.00483294,0.005,3.88E-04,0.00161265,0.00332205
43,0,0,00,1,3,old leaf,0.05449,0.7,Cd,0.00422207,0.004,0,0,0
44,0,0,00,1,3,young leaf,0.03535,0.7,Cd,0.0062429,0.006,0.00179753,4.36E-04,0.01540742
45,0,0,00,1,3,root,0.00493,0.7,Cd,0,0,0,0,0
46,0,0,00,2,1,old leaf,0.00734,0.7,Cd,0.00668009,0.007,0.00223472,0.00260964,0.01915473
47,0,0,00,2,1,young leaf,0.00558,0.7,Cd,0.00454305,0.005,9.77E-05,1.50E-04,8.37E-04
48,0,0,00,2,1,root,6.90E-04,0.9,Cd,0.00560925,0.006,0.00116388,0.0112452,0.00775919
49,0,0,00,2,2,old leaf,0.03089,0.7,Cd,0.00574046,0.006,0.00129509,3.59E-04,0.01110077
50,0,0,00,2,2,young leaf,0.0157,0.7,Cd,0.00462665,0.005,1.81E-04,9.90E-05,0.00155385
51,0,0,00,2,2,root,0.00293,0.7,Cd,0.00510828,0.005,6.63E-04,0.00193929,0.00568213
52,0,0,00,2,3,old leaf,0.05331,0.7,Cd,0.00507029,0.005,6.25E-04,1.00E-04,0.00535647
53,0,0,00,2,3,young leaf,0.01395,0.7,Cd,0.00442648,0.004,0,0,0
54,0,0,00,2,3,root,0.0067,0.7,Cd,0.00558939,0.006,0.00114403,0.00146357,0.00980594
82,1,1,11,0,1,old leaf,0.02167,0.7,Cd,0.00487127,0.005,4.26E-04,1.68E-04,0.00365061
83,1,1,11,0,1,young leaf,0.00766,0.7,Cd,0.00559369,0.006,0.00114832,0.00128496,0.00984276
84,1,1,11,0,1,root,0.00413,0.7,Cd,0.01153642,0.012,0.00709105,0.01471682,0.06078045
85,1,1,11,0,2,old leaf,0.08326,0.7,Cd,0.00552996,0.006,0.00108459,1.12E-04,0.00929648
86,1,1,11,0,2,young leaf,0.02175,0.7,Cd,0.00505236,0.005,6.07E-04,2.39E-04,0.0052028
87,1,1,11,0,2,root,0.00262,0.7,Cd,0.00907284,0.009,0.00462747,0.01513896,0.03966406
88,1,1,11,0,3,old leaf,0.01696,0.7,Cd,0.00546377,0.005,0.00101841,5.15E-04,0.00872919
89,1,1,11,0,3,young leaf,0.02156,0.7,Cd,0.00460444,0.005,1.59E-04,6.32E-05,0.00136345
90,1,1,11,0,3,root,0.00338,0.7,Cd,0.01342097,0.013,0.0089756,0.02276145,0.07693371
91,1,1,11,1,1,old leaf,0.02091,0.7,Cd,0.00950767,0.01,0.0050623,0.00207514,0.04339116
92,1,1,11,1,1,young leaf,0.00779,0.7,Cd,0.00752413,0.008,0.00307876,0.0033876,0.02638937
93,1,1,11,1,1,root,0.0019,0.7,Cd,0.01033172,0.01,0.00588635,0.02655498,0.05045445
94,1,1,11,1,2,old leaf,0.08039,0.7,Cd,0.00787555,0.008,0.00343019,3.66E-04,0.0294016
95,1,1,11,1,2,young leaf,0.02439,0.7,Cd,0.00679005,0.007,0.00234468,8.24E-04,0.02009729
96,1,1,11,1,2,root,8.60E-04,0.9,Cd,0.02216437,0.022,0.017719,0.1373566,0.11812667
97,1,1,11,1,3,old leaf,0.02143,0.7,Cd,0.00550368,0.006,0.00105831,4.23E-04,0.00907125
98,1,1,11,1,3,young leaf,0.01283,0.7,Cd,0.00417492,0.004,0,0,0
99,1,1,11,1,3,root,0.00403,0.7,Cd,0.0168423,0.017,0.01239693,0.02636711,0.10625943
100,1,1,11,2,1,old leaf,0.01067,0.7,Cd,0.01762088,0.018,0.01317551,0.01058416,0.11293297
101,1,1,11,2,1,young leaf,0.0064,0.7,Cd,0.01455889,0.015,0.01011352,0.01354489,0.0866873
102,1,1,11,2,1,root,0.00558,0.7,Cd,0.07298859,0.073,0.06854323,0.10528913,0.58751336
103,1,1,11,2,2,old leaf,0.08275,0.7,Cd,0.00732149,0.007,0.00287613,2.98E-04,0.02465252
104,1,1,11,2,2,young leaf,0.02628,0.7,Cd,0.00653676,0.007,0.00209139,6.82E-04,0.01792621
105,1,1,11,2,2,root,0.01388,0.7,Cd,0.70304157,0.703,0.6985962,0.43140976,5.98796745
106,1,1,11,2,3,old leaf,0.02069,0.7,Cd,0.00124714,0.001,0,0,0
107,1,1,11,2,3,young leaf,0.01375,0.7,Cd,0.00680397,0.007,0.0023586,0.0014703,0.02021656
108,1,1,11,2,3,root,0.00681,0.7,Cd,0.02310047,0.023,0.0186551,0.0234803,0.15990087
28,0,0,00,0,1,old leaf,0.00567,0.7,Na,0.23237043,0.232,0,0,0
29,0,0,00,0,1,young leaf,0.0034,0.7,Na,0.22785939,0.228,0,0,0
30,0,0,00,0,1,root,4.40E-04,0.9,Na,0.27910388,0.279,0,0,0
31,0,0,00,0,2,old leaf,0.02381,0.7,Na,1.96899967,1.969,1.60602929,0.57815898,13.7659654
32,0,0,00,0,2,young leaf,0.00592,0.7,Na,0.43090671,0.431,0.06793634,0.09836342,0.58231147
33,0,0,00,0,2,root,6.60E-04,0.9,Na,0.46433633,0.464,0.10136596,1.02389856,0.67577305
34,0,0,00,0,3,old leaf,0.04599,0.7,Na,2.61656582,2.617,2.25359545,0.42001593,19.3165324
35,0,0,00,0,3,young leaf,0.01297,0.7,Na,0.62688391,0.627,0.26391354,0.17441141,2.26211605
36,0,0,00,0,3,root,0.00181,0.7,Na,0.71858706,0.719,0.35561669,1.68405694,3.04814306
37,0,0,00,1,1,old leaf,0.0067,0.7,Na,0.22775954,0.228,0,0,0
38,0,0,00,1,1,young leaf,0.00494,0.7,Na,0.25145051,0.251,0,0,0
39,0,0,00,1,1,root,4.50E-04,0.9,Na,0.48730801,0.487,0.12433764,1.84203908,0.82891759
40,0,0,00,1,2,old leaf,0.02266,0.7,Na,1.00171434,1.002,0.63874396,0.2416129,5.47494825
41,0,0,00,1,2,young leaf,0.0201,0.7,Na,0.97307815,0.973,0.61010777,0.26017389,5.22949521
42,0,0,00,1,2,root,0.00206,0.7,Na,0.909096,0.909,0.54612563,2.27236739,4.68107683
43,0,0,00,1,3,old leaf,0.05449,0.7,Na,3.83493429,3.835,3.47196392,0.54614958,29.7596907
44,0,0,00,1,3,young leaf,0.03535,0.7,Na,1.94794412,1.948,1.58497375,0.3843137,13.5854892
45,0,0,00,1,3,root,0.00493,0.7,Na,2.32391997,2.324,1.9609496,3.4093589,16.8081394
46,0,0,00,2,1,old leaf,0.00734,0.7,Na,0.3125551,0.313,0,0,0
47,0,0,00,2,1,young leaf,0.00558,0.7,Na,0.06529215,0.065,0,0,0
48,0,0,00,2,1,root,6.90E-04,0.9,Na,0.34130376,0.341,0,0,0
49,0,0,00,2,2,old leaf,0.03089,0.7,Na,1.01170423,1.012,0.64873386,0.18001217,5.56057594
50,0,0,00,2,2,young leaf,0.0157,0.7,Na,0.80132164,0.801,0.43835126,0.23931825,3.75729654
51,0,0,00,2,2,root,0.00293,0.7,Na,0.74738401,0.747,0.38441364,1.12456452,3.29497405
52,0,0,00,2,3,old leaf,0.05331,0.7,Na,4.15448936,4.154,3.79151899,0.60961797,32.4987342
53,0,0,00,2,3,young leaf,0.01395,0.7,Na,0.73036816,0.73,0.36739779,0.22574365,3.14912391
54,0,0,00,2,3,root,0.0067,0.7,Na,1.44487085,1.445,1.08190048,1.38409443,9.27343268
82,1,1,11,0,1,old leaf,0.02167,0.7,Na,1.61303941,1.613,1.25006904,0.49445674,10.7148775
83,1,1,11,0,1,young leaf,0.00766,0.7,Na,0.49553629,0.496,0.13256591,0.14833933,1.13627925
84,1,1,11,0,1,root,0.00413,0.7,Na,2.27477683,2.275,1.91180645,3.96777541,16.3869125
85,1,1,11,0,2,old leaf,0.08326,0.7,Na,5.22827879,5.228,4.86530842,0.50087249,41.7026436
86,1,1,11,0,2,young leaf,0.02175,0.7,Na,1.15804474,1.158,0.79507436,0.3133298,6.81492311
87,1,1,11,0,2,root,0.00262,0.7,Na,1.42134526,1.421,1.05837489,3.46251326,9.07178473
88,1,1,11,0,3,old leaf,0.01696,0.7,Na,1.16372855,1.164,0.80075818,0.40469584,6.86364152
89,1,1,11,0,3,young leaf,0.02156,0.7,Na,0.61513304,0.615,0.25216267,0.1002502,2.16139431
90,1,1,11,0,3,root,0.00338,0.7,Na,1.78785926,1.788,1.42488889,3.61341223,12.2133333
91,1,1,11,1,1,old leaf,0.02091,0.7,Na,25.2081502,25.21,24.8451798,10.1845377,212.958684
92,1,1,11,1,1,young leaf,0.00779,0.7,Na,9.23045533,9.23,8.86748496,9.75699794,76.0070139
93,1,1,11,1,1,root,0.0019,0.7,Na,1.33624382,1.336,0.97327344,4.39070726,8.3423438
94,1,1,11,1,2,old leaf,0.08039,0.7,Na,6.1348393,6.135,5.77186892,0.61541438,49.4731622
95,1,1,11,1,2,young leaf,0.02439,0.7,Na,1.02549478,1.025,0.66252441,0.23283233,5.67878065
96,1,1,11,1,2,root,8.60E-04,0.9,Na,1.16590076,1.166,0.80293039,6.22426659,5.35286927
97,1,1,11,1,3,old leaf,0.02143,0.7,Na,1.27940384,1.279,0.91643346,0.36654895,7.85514397
98,1,1,11,1,3,young leaf,0.01283,0.7,Na,0.45820477,0.458,0.0952344,0.06362392,0.81629484
99,1,1,11,1,3,root,0.00403,0.7,Na,2.57774498,2.578,2.21477461,4.71061597,18.9837823
100,1,1,11,2,1,old leaf,0.01067,0.7,Na,12.0588091,12.06,11.6958387,9.3955057,100.250046
101,1,1,11,2,1,young leaf,0.0064,0.7,Na,22.8723172,22.87,22.5093469,30.1464467,192.937259
102,1,1,11,2,1,root,0.00558,0.7,Na,3.93086624,3.931,3.56789587,5.48063881,30.5819646
103,1,1,11,2,2,old leaf,0.08275,0.7,Na,7.52878182,7.529,7.16581145,0.74225065,61.421241
104,1,1,11,2,2,young leaf,0.02628,0.7,Na,1.33293516,1.333,0.96996479,0.31636164,8.31398387
105,1,1,11,2,2,root,0.01388,0.7,Na,13.3717219,13.37,13.0087516,8.03339948,111.503585
106,1,1,11,2,3,old leaf,0.02069,0.7,Na,1.18536203,1.185,0.82239165,0.34069944,7.04907132
107,1,1,11,2,3,young leaf,0.01375,0.7,Na,0.63717739,0.637,0.27420702,0.17093425,2.35034589
108,1,1,11,2,3,root,0.00681,0.7,Na,4.29579913,4.296,3.93282875,4.95006766,33.7099607
28,0,0,00,0,1,old leaf,0.00567,0.7,K,0.53303334,0.533,0.48556188,0.73403156,4.16195897
29,0,0,00,0,1,young leaf,0.0034,0.7,K,1.69446805,1.694,1.64699659,4.15209225,14.1171136
30,0,0,00,0,1,root,4.40E-04,0.9,K,0.21657119,0.217,0.16909974,2.56211721,1.12733157
31,0,0,00,0,2,old leaf,0.02381,0.7,K,44.1449426,44.14,44.0974712,15.8747721,377.978324
32,0,0,00,0,2,young leaf,0.00592,0.7,K,12.0419347,12.04,11.9944632,17.3665008,102.809685
33,0,0,00,0,2,root,6.60E-04,0.9,K,0.60082375,0.601,0.5533523,5.58941713,3.68901531
34,0,0,00,0,3,old leaf,0.04599,0.7,K,116.280527,116.3,116.233055,21.6630426,996.28333
35,0,0,00,0,3,young leaf,0.01297,0.7,K,27.0628358,27.06,27.0153643,17.8535286,231.560266
36,0,0,00,0,3,root,0.00181,0.7,K,1.80474711,1.805,1.75727566,8.32174738,15.0623628
37,0,0,00,1,1,old leaf,0.0067,0.7,K,0.61727197,0.617,0.56980052,0.72895589,4.88400443
38,0,0,00,1,1,young leaf,0.00494,0.7,K,2.23885487,2.239,2.19138341,3.80228469,18.7832864
39,0,0,00,1,1,root,4.50E-04,0.9,K,0.90575131,0.906,0.85827985,12.7152571,5.7218657
40,0,0,00,1,2,old leaf,0.02266,0.7,K,17.6036942,17.6,17.5562227,6.64086094,150.481909
41,0,0,00,1,2,young leaf,0.0201,0.7,K,39.4525247,39.45,39.4050532,16.8038606,337.757599
42,0,0,00,1,2,root,0.00206,0.7,K,2.33228256,2.332,2.2848111,9.50684232,19.5840952
43,0,0,00,1,3,old leaf,0.05449,0.7,K,74.1496605,74.15,74.1021891,11.6564805,635.161621
44,0,0,00,1,3,young leaf,0.03535,0.7,K,79.4029522,79.4,79.3554807,19.2415795,680.189835
45,0,0,00,1,3,root,0.00493,0.7,K,4.35229367,4.352,4.30482222,7.48447792,36.8984761
46,0,0,00,2,1,old leaf,0.00734,0.7,K,6.85931457,6.859,6.81184311,7.95466303,58.3872267
47,0,0,00,2,1,young leaf,0.00558,0.7,K,0,0,0,0,0
48,0,0,00,2,1,root,6.90E-04,0.9,K,0.29968473,0.3,0.25221327,2.43684323,1.68142183
49,0,0,00,2,2,old leaf,0.03089,0.7,K,30.9894263,30.99,30.9419548,8.58584511,265.216756
50,0,0,00,2,2,young leaf,0.0157,0.7,K,30.6821845,30.68,30.634713,16.7250481,262.583255
51,0,0,00,2,2,root,0.00293,0.7,K,2.97698654,2.977,2.92951508,8.57000999,25.1101293
52,0,0,00,2,3,old leaf,0.05331,0.7,K,112.507832,112.5,112.460361,18.0818974,963.945951
53,0,0,00,2,3,young leaf,0.01395,0.7,K,30.6129985,30.61,30.565527,18.7806618,261.990232
54,0,0,00,2,3,root,0.0067,0.7,K,3.06038631,3.06,3.01291486,3.8544753,25.8249845
82,1,1,11,0,1,old leaf,0.02167,0.7,K,61.3587165,61.36,61.311245,24.2512671,525.524958
83,1,1,11,0,1,young leaf,0.00766,0.7,K,19.9794763,19.98,19.9320049,22.3036235,170.845756
84,1,1,11,0,1,root,0.00413,0.7,K,2.04587486,2.046,1.9984034,4.14749928,17.129172
85,1,1,11,0,2,old leaf,0.08326,0.7,K,29.9120435,29.91,29.8645721,3.07449011,255.982046
86,1,1,11,0,2,young leaf,0.02175,0.7,K,40.1255321,40.13,40.0780606,15.7943096,343.526234
87,1,1,11,0,2,root,0.00262,0.7,K,0.36332963,0.363,0.31585817,1.03334189,2.70735574
88,1,1,11,0,3,old leaf,0.01696,0.7,K,54.4574742,54.46,54.4100027,27.4983167,466.371452
89,1,1,11,0,3,young leaf,0.02156,0.7,K,39.6037905,39.6,39.556319,15.7260743,339.054163
90,1,1,11,0,3,root,0.00338,0.7,K,0.66073037,0.661,0.61325892,1.555179,5.25650501
91,1,1,11,1,1,old leaf,0.02091,0.7,K,42.9548461,42.95,42.9073747,17.5885938,367.777497
92,1,1,11,1,1,young leaf,0.00779,0.7,K,18.1153652,18.12,18.0678938,19.8803159,154.867661
93,1,1,11,1,1,root,0.0019,0.7,K,0.54754688,0.548,0.50007542,2.25597936,4.28636079
94,1,1,11,1,2,old leaf,0.08039,0.7,K,77.200333,77.2,77.1528615,8.22627493,661.310242
95,1,1,11,1,2,young leaf,0.02439,0.7,K,36.3152287,36.32,36.2677573,12.7456536,310.866491
96,1,1,11,1,2,root,8.60E-04,0.9,K,0.27398621,0.274,0.22651476,1.75592836,1.51009839
97,1,1,11,1,3,old leaf,0.02143,0.7,K,59.551354,59.55,59.5038825,23.7999663,510.033279
98,1,1,11,1,3,young leaf,0.01283,0.7,K,21.7606045,21.76,21.713133,14.5060459,186.112569
99,1,1,11,1,3,root,0.00403,0.7,K,0.39320985,0.393,0.34573839,0.73535283,2.96347191
100,1,1,11,2,1,old leaf,0.01067,0.7,K,42.4808974,42.48,42.4334259,34.0876363,363.715079
101,1,1,11,2,1,young leaf,0.0064,0.7,K,20.9193485,20.92,20.871877,27.9534067,178.901803
102,1,1,11,2,1,root,0.00558,0.7,K,0.8408101,0.841,0.79333865,1.21864616,6.80004556
103,1,1,11,2,2,old leaf,0.08275,0.7,K,87.7457869,87.75,87.6983154,9.08398606,751.699846
104,1,1,11,2,2,young leaf,0.02628,0.7,K,40.8320166,40.83,40.7845451,13.3022,349.581816
105,1,1,11,2,2,root,0.01388,0.7,K,2.10049215,2.1,2.05302069,1.26781846,17.5973202
106,1,1,11,2,3,old leaf,0.02069,0.7,K,52.5018506,52.5,52.4543792,21.7307378,449.608964
107,1,1,11,2,3,young leaf,0.01375,0.7,K,24.5010151,24.5,24.4535436,15.2437674,209.601802
108,1,1,11,2,3,root,0.00681,0.7,K,0.54296498,0.543,0.49549353,0.62365453,4.24708737
28,0,0,00,0,1,old leaf,0.00567,0.7,Fe,0.05462878,0.055,0.03303966,0.04994657,0.28319708
29,0,0,00,0,1,young leaf,0.0034,0.7,Fe,0.06559139,0.066,0.04400226,0.11093008,0.37716226
30,0,0,00,0,1,root,4.40E-04,0.9,Fe,0.1485047,0.149,0.12691557,1.92296324,0.84610383
31,0,0,00,0,2,old leaf,0.02381,0.7,Fe,0.06713466,0.067,0.04554554,0.01639607,0.39039033
32,0,0,00,0,2,young leaf,0.00592,0.7,Fe,0.0631164,0.063,0.04152727,0.06012636,0.35594805
33,0,0,00,0,2,root,6.60E-04,0.9,Fe,0.65776973,0.658,0.63618061,6.42606677,4.24120407
34,0,0,00,0,3,old leaf,0.04599,0.7,Fe,0.14659108,0.147,0.12500195,0.02329735,1.0714453
35,0,0,00,0,3,young leaf,0.01297,0.7,Fe,0.05942224,0.059,0.03783311,0.02500261,0.32428383
36,0,0,00,0,3,root,0.00181,0.7,Fe,1.35771028,1.358,1.33612116,6.32732987,11.4524671
37,0,0,00,1,1,old leaf,0.0067,0.7,Fe,0.05518294,0.055,0.03359382,0.04297717,0.28794702
38,0,0,00,1,1,young leaf,0.00494,0.7,Fe,0.02707795,0.027,0.00548883,0.0095237,0.04704708
39,0,0,00,1,1,root,4.50E-04,0.9,Fe,0.27812562,0.278,0.25653649,3.80054064,1.71024329
40,0,0,00,1,2,old leaf,0.02266,0.7,Fe,0.07539987,0.075,0.05381075,0.02035459,0.46123501
41,0,0,00,1,2,young leaf,0.0201,0.7,Fe,0.06890246,0.069,0.04731334,0.02017626,0.4055429
42,0,0,00,1,2,root,0.00206,0.7,Fe,0.97498162,0.975,0.95339249,3.96695906,8.17193566
43,0,0,00,1,3,old leaf,0.05449,0.7,Fe,0.17871271,0.179,0.15712359,0.02471598,1.34677362
44,0,0,00,1,3,young leaf,0.03535,0.7,Fe,0.13759573,0.138,0.11600661,0.0281285,0.99434234
45,0,0,00,1,3,root,0.00493,0.7,Fe,3.41744105,3.417,3.39585192,5.90411809,29.1073022
46,0,0,00,2,1,old leaf,0.00734,0.7,Fe,0.0388326,0.039,0.01724348,0.02013641,0.14780125
47,0,0,00,2,1,young leaf,0.00558,0.7,Fe,0.01262842,0.013,0,0,0
48,0,0,00,2,1,root,6.90E-04,0.9,Fe,0.19441389,0.194,0.17282477,1.66980453,1.15216513
49,0,0,00,2,2,old leaf,0.03089,0.7,Fe,0.10246321,0.102,0.08087408,0.02244113,0.69320642
50,0,0,00,2,2,young leaf,0.0157,0.7,Fe,0.06014839,0.06,0.03855926,0.02105146,0.33050797
51,0,0,00,2,2,root,0.00293,0.7,Fe,1.07167079,1.072,1.05008167,3.07191128,9.00070004
52,0,0,00,2,3,old leaf,0.05331,0.7,Fe,0.20136834,0.201,0.17977922,0.02890573,1.54096472
53,0,0,00,2,3,young leaf,0.01395,0.7,Fe,0.1060088,0.106,0.08441968,0.05187077,0.72359726
54,0,0,00,2,3,root,0.0067,0.7,Fe,3.86882677,3.869,3.84723765,4.92183921,32.9763227
82,1,1,11,0,1,old leaf,0.02167,0.7,Fe,0.14901929,0.149,0.12743017,0.05040418,1.09225861
83,1,1,11,0,1,young leaf,0.00766,0.7,Fe,0.12038672,0.12,0.0987976,0.11055307,0.84683654
84,1,1,11,0,1,root,0.00413,0.7,Fe,3.96266984,3.963,3.94108071,8.17934427,33.7806918
85,1,1,11,0,2,old leaf,0.08326,0.7,Fe,0.67699062,0.677,0.65540149,0.0674721,5.61772708
86,1,1,11,0,2,young leaf,0.02175,0.7,Fe,0.29654366,0.297,0.27495454,0.10835647,2.35675317
87,1,1,11,0,2,root,0.00262,0.7,Fe,3.97320278,3.973,3.95161366,12.9278527,33.8709742
88,1,1,11,0,3,old leaf,0.01696,0.7,Fe,0.3725041,0.373,0.35091497,0.17734921,3.00784263
89,1,1,11,0,3,young leaf,0.02156,0.7,Fe,0.17097044,0.171,0.14938132,0.05938828,1.28041127
90,1,1,11,0,3,root,0.00338,0.7,Fe,4.71020146,4.71,4.68861234,11.8899721,40.1881058
91,1,1,11,1,1,old leaf,0.02091,0.7,Fe,0.16667848,0.167,0.14508936,0.05947504,1.24362305
92,1,1,11,1,1,young leaf,0.00779,0.7,Fe,0.1063,0.106,0.08471087,0.09320837,0.72609321
93,1,1,11,1,1,root,0.0019,0.7,Fe,2.53177462,2.532,2.5101855,11.3241451,21.5158757
94,1,1,11,1,2,old leaf,0.08039,0.7,Fe,1.42086065,1.421,1.39927152,0.14919463,11.9937559
95,1,1,11,1,2,young leaf,0.02439,0.7,Fe,0.23263978,0.233,0.21105065,0.07416997,1.8090056
96,1,1,11,1,2,root,8.60E-04,0.9,Fe,3.53879116,3.539,3.51720204,27.2651321,23.4480136
97,1,1,11,1,3,old leaf,0.02143,0.7,Fe,0.68134317,0.681,0.65975405,0.26388403,5.65503471
98,1,1,11,1,3,young leaf,0.01283,0.7,Fe,0.09329599,0.093,0.07170687,0.04790571,0.61463031
99,1,1,11,1,3,root,0.00403,0.7,Fe,6.1938521,6.194,6.17226297,13.1278192,52.9051112
100,1,1,11,2,1,old leaf,0.01067,0.7,Fe,0.13976225,0.14,0.11817312,0.09493088,1.01291248
101,1,1,11,2,1,young leaf,0.0064,0.7,Fe,0.08153152,0.082,0.0599424,0.08028,0.513792
102,1,1,11,2,1,root,0.00558,0.7,Fe,4.55647824,4.556,4.53488912,6.96603551,38.8704782
103,1,1,11,2,2,old leaf,0.08275,0.7,Fe,0.84036972,0.84,0.8187806,0.08481111,7.01811941
104,1,1,11,2,2,young leaf,0.02628,0.7,Fe,0.25405943,0.254,0.23247031,0.07582202,1.99260266
105,1,1,11,2,2,root,0.01388,0.7,Fe,5.12735916,5.127,5.10577004,3.15300743,43.7637432
106,1,1,11,2,3,old leaf,0.02069,0.7,Fe,0.54557286,0.546,0.52398374,0.21707536,4.49128919
107,1,1,11,2,3,young leaf,0.01375,0.7,Fe,0.15473823,0.155,0.13314911,0.08300204,1.14127809
108,1,1,11,2,3,root,0.00681,0.7,Fe,7.35515708,7.355,7.33356796,9.23041907,62.8591539
28,0,0,00,0,1,old leaf,0.00567,0.7,Zn,0.04180055,0.042,0.03483178,0.05265575,0.29855812
29,0,0,00,0,1,young leaf,0.0034,0.7,Zn,0.01225612,0.012,0.00528735,0.01332946,0.04532015
30,0,0,00,0,1,root,4.40E-04,0.9,Zn,0.02871214,0.029,0.02174337,0.32944498,0.14495579
31,0,0,00,0,2,old leaf,0.02381,0.7,Zn,0.56137798,0.561,0.55440922,0.19958333,4.75207899
32,0,0,00,0,2,young leaf,0.00592,0.7,Zn,0.05272594,0.053,0.04575717,0.06625073,0.39220431
33,0,0,00,0,2,root,6.60E-04,0.9,Zn,0.05208919,0.052,0.04512042,0.45576183,0.30080281
34,0,0,00,0,3,old leaf,0.04599,0.7,Zn,0.17577561,0.176,0.16880684,0.03146153,1.4469158
35,0,0,00,0,3,young leaf,0.01297,0.7,Zn,0.12084923,0.121,0.11388046,0.0752597,0.97611825
36,0,0,00,0,3,root,0.00181,0.7,Zn,0.06776665,0.068,0.06079788,0.28791421,0.52112473
37,0,0,00,1,1,old leaf,0.0067,0.7,Zn,0.05156052,0.052,0.04459175,0.05704702,0.38221501
38,0,0,00,1,1,young leaf,0.00494,0.7,Zn,0.02970549,0.03,0.02273673,0.03945065,0.19488621
39,0,0,00,1,1,root,4.50E-04,0.9,Zn,0.04358752,0.044,0.03661875,0.54249999,0.24412499
40,0,0,00,1,2,old leaf,0.02266,0.7,Zn,0.30927714,0.309,0.30230837,0.11435192,2.5912146
41,0,0,00,1,2,young leaf,0.0201,0.7,Zn,0.17955967,0.18,0.17259091,0.07359953,1.47935061
42,0,0,00,1,2,root,0.00206,0.7,Zn,0.18515006,0.185,0.17818129,0.74139231,1.52726817
43,0,0,00,1,3,old leaf,0.05449,0.7,Zn,0.20299343,0.203,0.19602466,0.03083522,1.68021141
44,0,0,00,1,3,young leaf,0.03535,0.7,Zn,0.23936061,0.239,0.23239184,0.0563488,1.99193004
45,0,0,00,1,3,root,0.00493,0.7,Zn,0.13228325,0.132,0.12531448,0.21787508,1.07412415
46,0,0,00,2,1,old leaf,0.00734,0.7,Zn,0.02515548,0.025,0.01818671,0.02123789,0.1558861
47,0,0,00,2,1,young leaf,0.00558,0.7,Zn,0.00311178,0.003,0,0,0
48,0,0,00,2,1,root,6.90E-04,0.9,Zn,0.02009499,0.02,0.01312622,0.12682334,0.08750811
49,0,0,00,2,2,old leaf,0.03089,0.7,Zn,0.22195892,0.222,0.21499016,0.05965596,1.84277276
50,0,0,00,2,2,young leaf,0.0157,0.7,Zn,0.13408815,0.134,0.12711938,0.06940093,1.08959467
51,0,0,00,2,2,root,0.00293,0.7,Zn,0.34334613,0.343,0.33637736,0.9840391,2.88323455
52,0,0,00,2,3,old leaf,0.05331,0.7,Zn,0.21115175,0.211,0.20418298,0.03282949,1.75013985
53,0,0,00,2,3,young leaf,0.01395,0.7,Zn,0.15176619,0.152,0.14479742,0.08896923,1.24112077
54,0,0,00,2,3,root,0.0067,0.7,Zn,0.23691013,0.237,0.22994136,0.29416805,1.97092592
82,1,1,11,0,1,old leaf,0.02167,0.7,Zn,0.18510404,0.185,0.17813527,0.07046026,1.52687374
83,1,1,11,0,1,young leaf,0.00766,0.7,Zn,0.08989784,0.09,0.08292907,0.09279643,0.71082063
84,1,1,11,0,1,root,0.00413,0.7,Zn,0.11318605,0.113,0.10621728,0.22044403,0.91043385
85,1,1,11,0,2,old leaf,0.08326,0.7,Zn,1.0266187,1.027,1.01964993,0.10497065,8.73985651
86,1,1,11,0,2,young leaf,0.02175,0.7,Zn,0.2858972,0.286,0.27892843,0.10992253,2.3908151
87,1,1,11,0,2,root,0.00262,0.7,Zn,0.06785436,0.068,0.06088559,0.19918949,0.52187647
88,1,1,11,0,3,old leaf,0.01696,0.7,Zn,0.31085081,0.311,0.30388204,0.1535792,2.60470323
89,1,1,11,0,3,young leaf,0.02156,0.7,Zn,0.2095382,0.21,0.20256943,0.08053383,1.73630937
90,1,1,11,0,3,root,0.00338,0.7,Zn,0.1228631,0.123,0.11589433,0.29389939,0.99337995
91,1,1,11,1,1,old leaf,0.02091,0.7,Zn,0.16833993,0.168,0.16137116,0.06614928,1.38318138
92,1,1,11,1,1,young leaf,0.00779,0.7,Zn,0.06821124,0.068,0.06124247,0.06738581,0.52493543
93,1,1,11,1,1,root,0.0019,0.7,Zn,0.06013693,0.06,0.05316816,0.23985634,0.45572705
94,1,1,11,1,2,old leaf,0.08039,0.7,Zn,0.74620328,0.746,0.73923451,0.07881945,6.33629579
95,1,1,11,1,2,young leaf,0.02439,0.7,Zn,0.2108322,0.211,0.20386343,0.07164415,1.74740087
96,1,1,11,1,2,root,8.60E-04,0.9,Zn,0.07033949,0.07,0.06337072,0.49124586,0.42247144
97,1,1,11,1,3,old leaf,0.02143,0.7,Zn,0.46191231,0.462,0.45494355,0.18196529,3.8995161
98,1,1,11,1,3,young leaf,0.01283,0.7,Zn,0.12505798,0.125,0.11808921,0.07889269,1.0121932
99,1,1,11,1,3,root,0.00403,0.7,Zn,0.18303515,0.183,0.17606638,0.37447652,1.50914037
100,1,1,11,2,1,old leaf,0.01067,0.7,Zn,0.15465799,0.155,0.14768922,0.11864176,1.26590763
101,1,1,11,2,1,young leaf,0.0064,0.7,Zn,0.09403524,0.094,0.08706647,0.11660688,0.74628406
102,1,1,11,2,1,root,0.00558,0.7,Zn,0.17106248,0.171,0.16409371,0.25206407,1.40651753
103,1,1,11,2,2,old leaf,0.08275,0.7,Zn,0.64337009,0.643,0.63640132,0.06591986,5.45486847
104,1,1,11,2,2,young leaf,0.02628,0.7,Zn,0.28617549,0.286,0.27920672,0.09106547,2.39320044
105,1,1,11,2,2,root,0.01388,0.7,Zn,0.40108533,0.401,0.39411656,0.24338198,3.37814191
106,1,1,11,2,3,old leaf,0.02069,0.7,Zn,0.35494491,0.355,0.34797614,0.14415914,2.9826526
107,1,1,11,2,3,young leaf,0.01375,0.7,Zn,0.17949263,0.179,0.17252386,0.10754734,1.47877597
108,1,1,11,2,3,root,0.00681,0.7,Zn,0.10453514,0.105,0.09756637,0.12280223,0.83628316